# path	sha256	method	argument   (see scripts/make-manifest.py)
deb/acl_2.3.2.orig.tar.xz	97203a72cae99ab89a067fe2210c1cbf052bc492b479eca7d226d9830883b0bd	apt	acl=2.3.2-2
deb/alsa-lib_1.2.15.3.orig.tar.bz2	7b079d614d582cade7ab8db2364e65271d0877a37df8757ac4ac0c8970be861e	apt	alsa-lib=1.2.15.3-1ubuntu1.1
deb/alsa-utils_1.2.15.2.orig.tar.bz2	7aaaafbfb01942113ec0c31e51f705910e81079205088ca2f8f137a3869e1a3a	apt	alsa-utils=1.2.15.2-1ubuntu1
deb/appstream_1.1.2.orig.tar.xz	46b4257100e25a6468ceed7b3ab82441f47b119da3398d30aea6d7b91174b586	apt	appstream=1.1.2-1
deb/attr_2.5.2.orig.tar.xz	f2e97b0ab7ce293681ab701915766190d607a1dba7fae8a718138150b700a70b	apt	attr=1:2.5.2-4ubuntu0.1
deb/bash_5.3.orig.tar.xz	a70de6bb41f5e192534a5a1836b1d7fad9a8d4818a6e1506d70f38441552c17a	apt	bash=5.3-2ubuntu1
deb/binutils_2.46.orig.tar.xz	a389850c2d3919f2cc96fb8b5e7711eacfc819259aaffb11615c9fb9756eaeae	apt	binutils=2.46-3ubuntu2
deb/bluedevil_6.6.4.orig.tar.xz	d74a367c45208daed0c2faf2afeeaa7ce0a67209c82f05385cc43e77e8c37fbf	apt	bluedevil=4:6.6.4-0ubuntu1
deb/bluez_5.85.orig.tar.gz	7516f167f6aaabff9a48eac1515638fd349ecb884d254b558481b02520e7abe8	apt	bluez=5.85-4ubuntu0.2
deb/boost1.90_1.90.0.orig.tar.xz	72e81363dece294942cf4f0ccb86158b390b723d7b332a59a0f869709f306da6	apt	boost1.90=1.90.0-6ubuntu1
deb/breeze_6.6.4.orig.tar.xz	15ec98c5bdae5cb762c162a2aae87605531e20cf80a7ebeaa36e8d694018ffda	apt	breeze=4:6.6.4-0ubuntu1
deb/bubblewrap_0.11.1.orig.tar.xz	c1b7455a1283b1295879a46d5f001dfd088c0bb0f238abb5e128b3583a246f71	apt	bubblewrap=0.11.1-1ubuntu0.3
deb/busybox_1.37.0.orig.tar.bz2	3311dff32e746499f4df0d5df04d7eb396382d7e108bb9250e7b519b837043a4	apt	busybox=1:1.37.0-7ubuntu1
deb/bzip2_1.0.8.orig.tar.gz	ab5a03176ee106d3f0fa90e381da478ddae405918153cca248e682cd0c4a2269	apt	bzip2=1.0.8-6ubuntu0.1
deb/calamares_3.3.14.orig.tar.gz	5547f80db067dea923ae693ba6bb88eb2b2eeac1da3ebec42fce453e31c290c0	apt	calamares=3.3.14-0ubuntu25.26.04.1
deb/cryptsetup_2.8.4.orig.tar.gz	d1c18663eb565a0c5511110b8559db71e4fa4c482740273d39fd0a9dff7fbd29	apt	cryptsetup=2:2.8.4-1ubuntu4
deb/cups_2.4.16.orig.tar.gz	0339587204b4f9428dd0592eb301dec0bf9ea6ea8dce5d9690d56be585aba92d	apt	cups=2.4.16-1ubuntu1.3
deb/curl_8.18.0.orig.tar.gz	e9274a5f8ab5271c0e0e6762d2fce194d5f98acc568e4ce816845b2dcc0cf88f	apt	curl=8.18.0-1ubuntu2.7
deb/dbus_1.16.2.orig.tar.xz	0ba2a1a4b16afe7bceb2c07e9ce99a8c2c3508e5dec290dbb643384bd6beb7e2	apt	dbus=1.16.2-2ubuntu4
deb/dolphin_25.12.3.orig.tar.xz	9961de7cc076d9d7d598bb7f53afdebcfba20567093231f42ba72e031e089a3b	apt	dolphin=4:25.12.3-0ubuntu1
deb/dosfstools_4.2.orig.tar.gz	64926eebf90092dca21b14259a5301b7b98e7b1943e8a201c7d726084809b527	apt	dosfstools=4.2-1.2build1
deb/duktape_2.7.0+tests.orig.tar.xz	012fe77bffc8daf8f68c6932c1c926ce155c09aed9a3705fb4606c19bfd093fd	apt	duktape=2.7.0+tests-0ubuntu4
deb/e2fsprogs_1.47.2.orig.tar.gz	6dcd67ff9d8b13274ba3f088e4318be4f5b71412cd863524423fc49d39a6371f	apt	e2fsprogs=1.47.2-3ubuntu4
deb/elfutils_0.194.orig.tar.bz2	09e2ff033d39baa8b388a2d7fbc5390bfde99ae3b7c67c7daaf7433fbcf0f01e	apt	elfutils=0.194-4
deb/expat_2.7.4.orig.tar.gz	5b356795b889d3e5b379433ece069b8781bf0727f6959ad3bbc9da0c22164f59	apt	expat=2.7.4-1ubuntu0.2
deb/ffmpeg_8.0.1.orig.tar.xz	05ee0b03119b45c0bdb4df654b96802e909e0a752f72e4fe3794f487229e5a41	apt	ffmpeg=7:8.0.1-3ubuntu2
deb/flac_1.5.0+ds.orig.tar.xz	51d6a5bf5a37b67f9af847daa07c07091f6bf1583d5abb7fbb064bc68428b0f1	apt	flac=1.5.0+ds-5
deb/flatpak_1.16.6.orig.tar.xz	1e63e7f3fe44b602f34d92a6fe46fd8a3bc6be9460c03c2681e57976c658eec3	apt	flatpak=1.16.6-1
deb/flite_2.2.orig.tar.gz	ab1555fe5adc3f99f1d4a1a0eb1596d329fd6d74f1464a0097c81f53c0cf9e5c	apt	flite=2.2-7build1
deb/fontconfig_2.17.1.orig.tar.gz	f07504cef87f171ee1748352e2df9b9f125352f620fa0d03a9284306ea2c40a4	apt	fontconfig=2.17.1-3ubuntu1
deb/fonts-hack_3.003.orig.tar.gz	3c6f1a20e86744077e83c9bacf879a5b13f659f1c07e9c5c57d6efc3cbe66c07	apt	fonts-hack=3.003-4
deb/fonts-noto-color-emoji_2.051.orig.tar.xz	ca084e447d6154ad807a3765c51cfb02a8e9ad870505fe9a5cb396116f2d39ed	apt	fonts-noto-color-emoji=2.051-1build1
deb/freetype_2.14.2+dfsg.orig-ft2demos.tar.xz	ae9ed4b095e73a3fbdb90363c138ea62ac4b0f55aa4bb345b9b2458783f9284f	apt	freetype=2.14.2+dfsg-1ubuntu0.1
deb/freetype_2.14.2+dfsg.orig-ft2docs.tar.xz	0514edfd6a7b480f753aa48789d7112038a218b0b06afdca320c4bcbc2f66e6b	apt	freetype=2.14.2+dfsg-1ubuntu0.1
deb/freetype_2.14.2+dfsg.orig.tar.xz	9a2bdc2c992fa82a309eccf5e8bcbf2a380a98ba22f9f2ec7e56767739a19a0a	apt	freetype=2.14.2+dfsg-1ubuntu0.1
deb/fuse3_3.18.2.orig.tar.gz	f01de85717e20adf5f98aff324acd85dd73d61a5ca3834d573dcf0bd6e54a298	apt	fuse3=3.18.2-1
deb/gamemode_1.8.2.orig.tar.gz	a23a661150ada9441890874a429d01fef39adb0cefd191c43a33e0ca2206af52	apt	gamemode=1.8.2-2build1
deb/gcc-15_15.2.0.orig.tar.gz	3063dafdeed9fb9565f099b2560379bce08dae2b461ed4e30dd8d999f5f5747c	apt	gcc-15=15.2.0-16ubuntu1
deb/gdk-pixbuf_2.44.5+dfsg.orig.tar.xz	1c5919d245d2686a8bdf6bff2c07ecd102e98bd580cfbb65b63c70d014f24030	apt	gdk-pixbuf=2.44.5+dfsg-4ubuntu1
deb/glib-networking_2.80.1.orig.tar.xz	b80e2874157cd55071f1b6710fa0b911d5ac5de106a9ee2a4c9c7bee61782f8e	apt	glib-networking=2.80.1-1build2
deb/glib2.0_2.88.0.orig-unicode-data.tar.xz	4b55352323696c72187f855981ed1f7d1594a53f257f7803a928749cab9f9f44	apt	glib2.0=2.88.0-1ubuntu0.1
deb/glib2.0_2.88.0.orig.tar.xz	3546251ccbb3744d4bc4eb48354540e1f6200846572bab68e3a2b7b2b64dfd07	apt	glib2.0=2.88.0-1ubuntu0.1
deb/glslang_16.2.0.orig.tar.gz	01985335785c97906a91afe3cb5ee015997696181ec6c125bab5555602ba08e2	apt	glslang=16.2.0-2
deb/gmp_6.3.0+dfsg.orig.tar.xz	bd2966e6d277f79328e894a5a9f3ba3fbf2ed2be81def5f48623e30c23fb1572	apt	gmp=2:6.3.0+dfsg-5ubuntu2
deb/gnupg2_2.4.8.orig.tar.bz2	b58c80d79b04d3243ff49c1c3fc6b5f83138eb3784689563bcdd060595318616	apt	gnupg2=2.4.8-4ubuntu3.1
deb/gperf_3.3.orig.tar.gz	fd87e0aba7e43ae054837afd6cd4db03a3f2693deb3619085e6ed9d8d9604ad8	apt	gperf=3.3-1
deb/gpgme1.0_2.0.1.orig.tar.bz2	821ab0695c842eab51752a81980c92b0410c7eadd04103f791d5d2a526784966	apt	gpgme1.0=2.0.1-2build1
deb/gpgmepp_2.0.0.orig.tar.xz	d4796049c06708a26f3096f748ef095347e1a3c1e570561701fe952c3f565382	apt	gpgmepp=2.0.0-2
deb/grub2_2.14.orig.tar.xz	bc8d3c73535b8838d8c8e2654d73edc4e6ae8c8acdb45d5df5dc9a1547446d43	apt	grub2=2.14-2ubuntu2.1
deb/gst-plugins-base1.0_1.28.2.orig.tar.xz	4db76b3619280037a4047de7d9dbb38613a4272dcc40efb333257124635a888d	apt	gst-plugins-base1.0=1.28.2-1ubuntu0.1
deb/gstreamer1.0_1.28.2.orig.tar.xz	ce5cd44d4ffeafdcc3dddaa072b2179c0b7cb1abf4e6c5d18d4375f8a39fe491	apt	gstreamer1.0=1.28.2-1
deb/harfbuzz_12.3.2.orig.tar.xz	6f6db164359a2da5a84ef826615b448b33e6306067ad829d85d5b0bf936f1bb8	apt	harfbuzz=12.3.2-2
deb/hicolor-icon-theme_0.18.orig.tar.xz	db0e50a80aa3bf64bb45cbca5cf9f75efd9348cf2ac690b907435238c3cf81d7	apt	hicolor-icon-theme=0.18-2build1
deb/hunspell_1.7.2+really1.7.2.orig.tar.gz	11ddfa39afe28c28539fe65fc4f1592d410c1e9b6dd7d8a91ca25d85e9ec65b8	apt	hunspell=1.7.2+really1.7.2-11
deb/hwdata_0.394.orig.tar.gz	b7c3fd7214a3b7c49d2661db127a712dc11cffd1799f793947aa1cb20aaf3298	apt	hwdata=0.394-1build1
deb/icu_78.2.orig.tar.gz	3e99687b5c435d4b209630e2d2ebb79906c984685e78635078b672e03c89df35	apt	icu=78.2-2ubuntu1
deb/json-c_0.18+ds.orig.tar.xz	f6439962c9622c1f9f4746d5b3daf5e0800c335281b048fab00159f2a29d7daa	apt	json-c=0.18+ds-3
deb/json-glib_1.10.8+ds.orig.tar.xz	ecf9ee6822d6a5e4f63e7adbd39745a4875f19bd9975b0afa5e20c98d43f4b32	apt	json-glib=1.10.8+ds-2
deb/kactivitymanagerd_6.6.4.orig.tar.xz	b405af0c48ad47ee4f2c70fd2a2aef9eee521120c15cac3f78945bd0e0fb3166	apt	kactivitymanagerd=6.6.4-0ubuntu1
deb/kde-cli-tools_6.6.4.orig.tar.xz	0d7cdd7875a970768f0a173748d6e301157adcac2ec7b6b6233f792277497704	apt	kde-cli-tools=4:6.6.4-0ubuntu1
deb/kde-spectacle_6.6.4.orig.tar.xz	1e6d66f3a4731c635f6abd144f1bb002271b12626ccb38e86f04e79c7e1ad2e6	apt	kde-spectacle=4:6.6.4-0ubuntu1
deb/kdecoration_6.6.4.orig.tar.xz	20d9424a018fabbf62987bc138741068ae2384f3128a61f23d906ff4f42a5505	apt	kdecoration=4:6.6.4-0ubuntu1
deb/keyutils_1.6.3.orig.tar.gz	a61d5706136ae4c05bd48f86186bcfdbd88dd8bd5107e3e195c924cfc1b39bb4	apt	keyutils=1.6.3-6ubuntu3
deb/kf6-attica_6.24.0.orig.tar.xz	67ea77148fba093bfdbd9104e3f09b995aefc34b0b6c34bc31a96e63b110abcb	apt	kf6-attica=6.24.0-0ubuntu1
deb/kf6-bluez-qt_6.24.0.orig.tar.xz	907cf77ca2bf0417dad49ac3ebfe51300102029b93520dce5cfa5c35e25e5ab3	apt	kf6-bluez-qt=6.24.0-0ubuntu1
deb/kf6-breeze-icons_6.24.0.orig.tar.xz	63d67d834b28f95f45d53ee4594b1b39de4802429570f0e3b5e63ab509abde8b	apt	kf6-breeze-icons=6.24.0-0ubuntu1
deb/kf6-extra-cmake-modules_6.24.0.orig.tar.xz	8ef3f7e176588e099c02559d20ddf4fed0590f92c168f0bcc60a7e638ba1e6a3	apt	kf6-extra-cmake-modules=6.24.0-0ubuntu1
deb/kf6-frameworkintegration_6.24.0.orig.tar.xz	aaf473e80021c63e06df6ee200a61e71296665c770a5046ef297d2082fa77d65	apt	kf6-frameworkintegration=6.24.0-0ubuntu1
deb/kf6-karchive_6.24.0.orig.tar.xz	b68faa1c9012e40bbed516d8bb6be21e743af5aafb0249a84c29a7d9ff150d0d	apt	kf6-karchive=6.24.0-0ubuntu1
deb/kf6-kauth_6.24.0.orig.tar.xz	f596667e272524b336f86dd81b9be487e3d75cbedcb2078293f51bb2ee6f384c	apt	kf6-kauth=6.24.0-0ubuntu1
deb/kf6-kbookmarks_6.24.0.orig.tar.xz	e2ada057c77f5939e7172d0c3acd8c85273b0823b28697c89cbc2cce23d68d5d	apt	kf6-kbookmarks=6.24.0-0ubuntu1
deb/kf6-kcmutils_6.24.0.orig.tar.xz	893346002b53a11bc9dd4053ad3d987d2545fac94fe38770f5d440343ee8e58a	apt	kf6-kcmutils=6.24.0-0ubuntu1
deb/kf6-kcodecs_6.24.0.orig.tar.xz	5010a371944e052f65d94ed694c52b618d4c468855b1c77f078a8f614aefd6f7	apt	kf6-kcodecs=6.24.0-0ubuntu1
deb/kf6-kcolorscheme_6.24.0.orig.tar.xz	e9c9e0155e9b8049ad8588049645c998494b91145648467ddcbef178e31e84c5	apt	kf6-kcolorscheme=6.24.0-0ubuntu1
deb/kf6-kcompletion_6.24.0.orig.tar.xz	1bdfb8f2dcb8da558d7210d7f21f054c4f0d934d69e86aed36675755ded370d5	apt	kf6-kcompletion=6.24.0-0ubuntu1
deb/kf6-kconfig_6.24.0.orig.tar.xz	45cfbdd8419bd1ade54a6f54050f2465de76a4f91b7a702b806930e6fbb3651f	apt	kf6-kconfig=6.24.0-0ubuntu1
deb/kf6-kconfigwidgets_6.24.0.orig.tar.xz	baf43148a5bd6e30d25c0f1da66bbafd4c6df70cf8a55df5699fd6773527aef0	apt	kf6-kconfigwidgets=6.24.0-0ubuntu1
deb/kf6-kcoreaddons_6.24.0.orig.tar.xz	bc2fb0d94de859f6e6bc7413620584f072ace1487e302c65b3398d7c6b0eff7c	apt	kf6-kcoreaddons=6.24.0-0ubuntu1
deb/kf6-kcrash_6.24.0.orig.tar.xz	4544428c3c96587e46342daf5b1f083dd7950c7bc940d7bc7921300600ef8074	apt	kf6-kcrash=6.24.0-0ubuntu1
deb/kf6-kdbusaddons_6.24.0.orig.tar.xz	76981431a97dfe706be09faeb8f87db31a4ca6a22fa2bbe1b15acf21f168ad11	apt	kf6-kdbusaddons=6.24.0-0ubuntu1
deb/kf6-kdeclarative_6.24.0.orig.tar.xz	d00d697aa8ce7a5a16864e92bc74f52adb2b3008881d6e12b66155a80b136915	apt	kf6-kdeclarative=6.24.0-0ubuntu1
deb/kf6-kded_6.24.0.orig.tar.xz	f60981d4000961425cbeabe90f0f77e9792cbd5421e55b4c224fdb14aa96b2a5	apt	kf6-kded=6.24.0-0ubuntu1
deb/kf6-kdesu_6.24.0.orig.tar.xz	be5add002c4f3d96c2632ecebbf5633d9792f9d13d61a91a6a2c349540a807d3	apt	kf6-kdesu=6.24.0-0ubuntu1
deb/kf6-kfilemetadata_6.24.0.orig.tar.xz	2efdc2ebacf9af1f66f611fe95d776023590e9dcf97525aa93eaad7f1aa2ce23	apt	kf6-kfilemetadata=6.24.0-0ubuntu1
deb/kf6-kglobalaccel_6.24.0.orig.tar.xz	9dc5d1f495e951b5402713cc61b01617f586fdc39dbda3ef7e12e661a9b5af0a	apt	kf6-kglobalaccel=6.24.0-0ubuntu1
deb/kf6-kguiaddons_6.24.0.orig.tar.xz	c5e44b56739cbc67e1b6955edc9534f58288ca09d02f85eaae56db8347395eaf	apt	kf6-kguiaddons=6.24.0-0ubuntu1.1
deb/kf6-kholidays_6.24.0.orig.tar.xz	94a3c4ea003b82e0307ff81a665f957bb5ab9a6043e60faf1a2aee727519b7be	apt	kf6-kholidays=6.24.0-0ubuntu1
deb/kf6-ki18n_6.24.0.orig.tar.xz	7424b61c152764c84d4dbba51ad960a9d7894e6909ecfaaa13e7b129585c0b57	apt	kf6-ki18n=6.24.0-0ubuntu1
deb/kf6-kiconthemes_6.24.0.orig.tar.xz	5fee1141ac94693b94b6f80e52eb26ed99c81816c64eb520abffa0e1e7ed5956	apt	kf6-kiconthemes=6.24.0-0ubuntu2
deb/kf6-kidletime_6.24.0.orig.tar.xz	be8ce0c791900a1f55e9973bf5faefbe172740424ac9f254ba541552ba3ccb06	apt	kf6-kidletime=6.24.0-0ubuntu1
deb/kf6-kimageformats_6.24.0.orig.tar.xz	7e9d35863e2227e37623f390f0e53a216931cd17920582cfc8282a42e04f16e2	apt	kf6-kimageformats=6.24.0-0ubuntu1
deb/kf6-kio_6.24.0.orig.tar.xz	9fbe26ae37924f92f558ccdc09b573db38d8f07828894042ea3f8ddd4568f3c4	apt	kf6-kio=6.24.0-0ubuntu1
deb/kf6-kirigami_6.24.0.orig.tar.xz	7b3247dfe349867d44244335beb8d549ad4a8f6b3179d1736d231512dea5b0ce	apt	kf6-kirigami=6.24.0-0ubuntu1
deb/kf6-kitemmodels_6.24.0.orig.tar.xz	6636bf47de0df2464a94691a1092340efba2abc91fb305253bbb9058af959727	apt	kf6-kitemmodels=6.24.0-0ubuntu1
deb/kf6-kitemviews_6.24.0.orig.tar.xz	c7f38b01772782e7893e73115a3564083ce9fa9155e679b5be0647e6482182fa	apt	kf6-kitemviews=6.24.0-0ubuntu1
deb/kf6-kjobwidgets_6.24.0.orig.tar.xz	b3c5f449bf29b98394157656600e87b91f769afc5f547cef526faddb454f9b61	apt	kf6-kjobwidgets=6.24.0-0ubuntu1
deb/kf6-knewstuff_6.24.0.orig.tar.xz	9759f4e158d1f466030131443201441b2f7cff12638a24f6184bdae4b08e2a05	apt	kf6-knewstuff=6.24.0-0ubuntu1
deb/kf6-knotifications_6.24.0.orig.tar.xz	12bb0b34ac9ae39b96d189cc0b29f526ae12a9014d0aad3721cacc9148e42940	apt	kf6-knotifications=6.24.0-0ubuntu1
deb/kf6-knotifyconfig_6.24.0.orig.tar.xz	46ea907ebc6a538888fb32434ba8cde3e8ab4423df11ded693bcbe0b6e1d83b6	apt	kf6-knotifyconfig=6.24.0-0ubuntu1
deb/kf6-kpackage_6.24.0.orig.tar.xz	50e0c35f61a764f8568760948f4027c51c476701e3ddc529360abd78fe3cc074	apt	kf6-kpackage=6.24.0-0ubuntu1
deb/kf6-kparts_6.24.0.orig.tar.xz	b4a0b72167e0f77974aafe93305c18dcc99c0e66c1f2fd56a3e44d78e72f54e7	apt	kf6-kparts=6.24.0-0ubuntu1
deb/kf6-kpty_6.24.0.orig.tar.xz	27aff14f8211a8873008fd528998727523d98bb5d5018f48a0509ef5792b8319	apt	kf6-kpty=6.24.0-0ubuntu1
deb/kf6-kquickcharts_6.24.0.orig.tar.xz	3b4a14a8197e2c225dc4717971cc626c9f9b0606c612bcb740f80ef9b6bd1aab	apt	kf6-kquickcharts=6.24.0-0ubuntu1
deb/kf6-krunner_6.24.0.orig.tar.xz	5775d7292a31c0ca339b385c18f3716fda5486317423c53809a10d8008ff8e4d	apt	kf6-krunner=6.24.0-0ubuntu1
deb/kf6-kservice_6.24.0.orig.tar.xz	f7b3e5fab52949d16c0fce96afc5aaeb1cc94b47536e024d580750ffb1739723	apt	kf6-kservice=6.24.0-0ubuntu1
deb/kf6-kstatusnotifieritem_6.24.0.orig.tar.xz	f76c77dcc27a60007330329a6d6c60298c11ddddba82f710a90715ec81f886ff	apt	kf6-kstatusnotifieritem=6.24.0-0ubuntu1
deb/kf6-ksvg_6.24.0.orig.tar.xz	c4d61f6bb4c61452e83de0427f444cdec296d87333f6c7676fb7dae09480f4d2	apt	kf6-ksvg=6.24.0-0ubuntu1
deb/kf6-ktexteditor_6.24.0.orig.tar.xz	fd703c777712ad0e20a849f837c3ad7880eb82c1beb50196608cb326373f78e3	apt	kf6-ktexteditor=6.24.0-0ubuntu1
deb/kf6-ktextwidgets_6.24.0.orig.tar.xz	ba8f7d21014aabcdfa13e0cc1ff5a1db6c04761e080670caa76b7e4163086d15	apt	kf6-ktextwidgets=6.24.0-0ubuntu1
deb/kf6-kunitconversion_6.24.0.orig.tar.xz	a0cd582e48c302d56b5ebcea560b5590f94b8615dbd54bc67bcd165714979fa6	apt	kf6-kunitconversion=6.24.0-0ubuntu1
deb/kf6-kwallet_6.24.0.orig.tar.xz	094a26ec24a2fc9ae73096c47da2d963799668ef9e0e4004162a0082e54f9520	apt	kf6-kwallet=6.24.0-0ubuntu1
deb/kf6-kwidgetsaddons_6.24.0.orig.tar.xz	dfe563e58b0d8c72e8a1da4f379f03610552d8663eac613e47a2a6a384c20107	apt	kf6-kwidgetsaddons=6.24.0-0ubuntu1
deb/kf6-kwindowsystem_6.24.0.orig.tar.xz	2291d95836e8b81263ceea0c1ffa7cfd92773130d6edd130b439874169f13e58	apt	kf6-kwindowsystem=6.24.0-0ubuntu1
deb/kf6-kxmlgui_6.24.0.orig.tar.xz	f87f887323675d8b36ae9d157ce29848ac0eb1731ffd0c0aec9d79405e793616	apt	kf6-kxmlgui=6.24.0-0ubuntu1
deb/kf6-modemmanager-qt_6.23.0.orig.tar.xz	2ac9b52efbce07ae055e25b7fb996c94e521218d83351c33f0060090ab98b63c	apt	kf6-modemmanager-qt=6.23.0-0ubuntu1
deb/kf6-networkmanager-qt_6.24.0.orig.tar.xz	b9d44f80e054353f87b4274481b320676d95bd3835ffbbfdf19ef4f2a2ef0fff	apt	kf6-networkmanager-qt=6.24.0-0ubuntu1
deb/kf6-prison_6.24.0.orig.tar.xz	39ea2b51fd0e405b964c1f22d64ad0111c79895894590d68b29712d7dde4cd34	apt	kf6-prison=6.24.0-0ubuntu1
deb/kf6-purpose_6.24.0.orig.tar.xz	e95dba236f79bf1655a0581e9f1c3ce64d342750135fde700d463dd205bebc47	apt	kf6-purpose=6.24.0-0ubuntu1
deb/kf6-qqc2-desktop-style_6.24.0.orig.tar.xz	45967a1b596f1dfd21371948275a330ab3ede6fd94fdfd22f6ae5eb0b122de64	apt	kf6-qqc2-desktop-style=6.24.0-0ubuntu1
deb/kf6-solid_6.24.0.orig.tar.xz	2f506908ff32ffcdd9918879070b666c9384b079493c25f80735553e332a53fd	apt	kf6-solid=6.24.0-0ubuntu1
deb/kf6-sonnet_6.24.0.orig.tar.xz	f5f107bd4d154c93bbacc717ec3411bcebce3513df103945e202ffa1f0ee9ae7	apt	kf6-sonnet=6.24.0-0ubuntu1
deb/kf6-syntax-highlighting_6.24.0.orig.tar.xz	061c5946dc6170ecfa91b9c7d4faa5ec81eb53bb5f86eda861c2ce748a65486d	apt	kf6-syntax-highlighting=6.24.0-0ubuntu1
deb/kf6-threadweaver_6.24.0.orig.tar.xz	aa7608961397e7cdbdc8362ae9d1eaba6c5ba9dae3a84c11830fce155e5ed46f	apt	kf6-threadweaver=6.24.0-0ubuntu1
deb/kglobalacceld_6.6.4.orig.tar.xz	c0a7ebc420c11206ffc0bea1cc4b51654fc2d235b07ccb3c5f0ae9713049d12c	apt	kglobalacceld=6.6.4-0ubuntu1
deb/kinfocenter_6.6.4.orig.tar.xz	247f58dd25d08fa968ab83b42cb8dc76710acec54969dff31313a75566226a82	apt	kinfocenter=4:6.6.4-0ubuntu1
deb/kirigami-addons_1.11.0.orig.tar.xz	6dcdfa324f710f00887e6321212fc8582a3c4712450d129d91435bb1edd8d523	apt	kirigami-addons=1.11.0-2ubuntu2
deb/kmod_34.2.orig.tar.xz	012d16e2099115486d8aa9f2c2a23d058d3d0cad83113a60512647d25d3869e8	apt	kmod=34.2-2ubuntu2
deb/knighttime_6.6.4.orig.tar.xz	96d43cedad1f1d4819a7c7418a4eb8ed26cc20b47a17ada865ffb0f25722ee7b	apt	knighttime=6.6.4-0ubuntu1
deb/konsole_25.12.3.orig.tar.xz	c3e13be55cbe553ebd6ba5f04f9194c79a4ba15d1ed8f3d151ac7afae016f232	apt	konsole=4:25.12.3-0ubuntu1
deb/kpipewire_6.6.4.orig.tar.xz	1b9ef2890be00ee96ca439770a3f7842f54ac901c6a47edd3d68aff85c1a3a8f	apt	kpipewire=6.6.4-0ubuntu1
deb/kpmcore_25.12.3.orig.tar.xz	2e6ff446448b6640e7290784519e19ad326d56f93f8e83cacd11d033197f3e62	apt	kpmcore=25.12.3-0ubuntu1
deb/kquickimageeditor_0.6.0.orig.tar.xz	11ed4ce1c164a8b6d50bbc1548b5849ab75d5fb837619b90f2cea51ed122547a	apt	kquickimageeditor=0.6.0-2ubuntu0.1
deb/kscreen_6.6.4.orig.tar.xz	2f123691ac25da7f5166894ebaddda9615ddbaf949ebbb6c9829196b0615c250	apt	kscreen=4:6.6.4-0ubuntu1
deb/kscreenlocker_6.6.4.orig.tar.xz	c549524a20b697968cbb74b7a5eb3d4ebd8e1a23f29673e55a25b5b685b092b0	apt	kscreenlocker=6.6.4-0ubuntu2
deb/ksystemstats_6.6.4.orig.tar.xz	31bdf29e6ba0bc5d790d1a04cb0fa9f92bb7fdf9dd8e146fe06eebb2664a7b44	apt	ksystemstats=6.6.4-0ubuntu1
deb/kwayland_6.6.4.orig.tar.xz	75c4ad6743647b4a9737fddae2eddb7b0857afbef362e6b96465ccfb17c85f87	apt	kwayland=4:6.6.4-0ubuntu1
deb/kwin_6.6.4.orig.tar.xz	3f9439760580a977d018daf4b35b62e5a1700def7b21c8dfbfc789d21378d7ad	apt	kwin=4:6.6.4-0ubuntu1
deb/layer-shell-qt_6.6.4.orig.tar.xz	731af7a222bc1a1e87fd993060ed8fa515b4b38cbc294063b700ec87451e013f	apt	layer-shell-qt=6.6.4-0ubuntu1
deb/lcms2_2.17.orig.tar.gz	d11af569e42a1baa1650d20ad61d12e41af4fead4aa7964a01f93b08b53ab074	apt	lcms2=2.17-1ubuntu0.2
deb/libarchive_3.8.5.orig.tar.xz	d68068e74beee3a0ec0dd04aee9037d5757fcc651591a6dcf1b6d542fb15a703	apt	libarchive=3.8.5-1ubuntu2.2
deb/libassuan_3.0.2.orig.tar.bz2	d2931cdad266e633510f9970e1a2f346055e351bb19f9b78912475b8074c36f6	apt	libassuan=3.0.2-2build1
deb/libatasmart_0.19.orig.tar.xz	61f0ea345f63d28ab2ff0dc352c22271661b66bf09642db3a4049ac9dbdb0f8d	apt	libatasmart=0.19-6
deb/libblockdev_3.4.0.orig.tar.gz	7cb0b4018600ab82d1d1f00e46c1b1d7a0cdab8f4682952dd9dba1ce7f6ebed4	apt	libblockdev=3.4.0-1
deb/libbytesize_2.12.orig.tar.gz	e8b39afc6580f5777c9b1c8488e21fcbb60a3effdac7399eef0236185639bc41	apt	libbytesize=2.12-1
deb/libcanberra_0.30.orig.tar.xz	c2b671e67e0c288a69fc33dc1b6f1b534d07882c2aceed37004bf48c601afa72	apt	libcanberra=0.30-18ubuntu3
deb/libcap2_2.75.orig.tar.xz	de4e7e064c9ba451d5234dd46e897d7c71c96a9ebf9a0c445bc04f4742d83632	apt	libcap2=1:2.75-10ubuntu2
deb/libdisplay-info_0.3.0.orig.tar.bz2	915cc6713b7b2e173a90f9db248fb8994f9668171fecc1e9fded5e36bb34d890	apt	libdisplay-info=0.3.0-1
deb/libdmtx_0.7.8.orig.tar.gz	2394bf1d1d693a5a4ca3cfcc1bb28a4d878bdb831ea9ca8f3d5c995d274bdc39	apt	libdmtx=0.7.8-1
deb/libdrm_2.4.131.orig.tar.xz	45ba9983b51c896406a3d654de81d313b953b76e6391e2797073d543c5f617d5	apt	libdrm=2.4.131-1
deb/libei_1.5.0.orig-munit.tar.bz2	2407d9d6b6bb99c4c5c7dc0ba25b760faff952c3374b68c78802e8de91b610e9	apt	libei=1.5.0-3
deb/libei_1.5.0.orig.tar.bz2	da1fba92daccd0667bc46c3ee952d4ae8cfc6bdb4c0bb4d34df26528fb240618	apt	libei=1.5.0-3
deb/libepoxy_1.5.10.orig.tar.gz	a7ced37f4102b745ac86d6a70a9da399cc139ff168ba6b8002b4d8d43c900c15	apt	libepoxy=1.5.10-2build1
deb/libevdev_1.13.6+dfsg.orig.tar.xz	6643222f13cfbead0e30b8b74600f6d335f6ebb1ad8cbaf85783e36886689071	apt	libevdev=1.13.6+dfsg-1
deb/libffi_3.5.2.orig.tar.gz	dd19253d3007f366319a51d248a40c9e5fcace4498cbea990b566291844e4e30	apt	libffi=3.5.2-4
deb/libfontenc_1.1.8.orig.tar.gz	b55039f70959a1b2f02f4ec8db071e5170528d2c9180b30575dccf7510d7fb9f	apt	libfontenc=1:1.1.8-1build2
deb/libfreeaptx_0.2.2.orig.tar.gz	272860781cd055583ddfc520c66a765e676c74c5018c98f8293ea86011aeaad6	apt	libfreeaptx=0.2.2-1build1
deb/libfyaml_0.9.4.orig.tar.gz	e76b79f0e98dc9a143c57bc4b7dfce27e0155deee4c373a86059d0599cbcc29e	apt	libfyaml=0.9.4-1
deb/libgcrypt20_1.12.0.orig.tar.bz2	0311454e678189bad62a7e9402a9dd793025efff6e7449898616e2fc75e0f4f5	apt	libgcrypt20=1.12.0-2ubuntu1.1
deb/libglvnd_1.7.0.orig.tar.gz	073e7292788d4d3eeb45ea6c7bdcce9bfdb3b3eef8d7dbd47f2f30dce046ef98	apt	libglvnd=1.7.0-3
deb/libgpg-error_1.58.orig.tar.bz2	f943aea9a830a8bd938e5124b579efaece24a3225ff4c3d27611a80ce1260c27	apt	libgpg-error=1.58-2
deb/libgudev_238.orig.tar.xz	61266ab1afc9d73dbc60a8b2af73e99d2fdff47d99544d085760e4fa667b5dd1	apt	libgudev=238-7build1
deb/libice_1.1.1.orig.tar.gz	04fbd34a11ba08b9df2e3cdb2055c2e3c1c51b3257f683d7fcf42dabcf8e1210	apt	libice=2:1.1.1-1build1
deb/libinih_61.orig.tar.gz	7caf26a2202a4ca689df3fe4175dfa74e0faa18fcca07331bba934fd0ecb8f12	apt	libinih=61-1ubuntu1
deb/libinput_1.31.1.orig.tar.gz	72c7d62a117f89a0e611d76b0a28ba8bf08fc24083d2678060aee8de88c87953	apt	libinput=1.31.1-1ubuntu1.2
deb/libjpeg-turbo_2.1.5.orig.tar.gz	254f3642b04e309fee775123133c6464181addc150499561020312ec61c1bf7c	apt	libjpeg-turbo=2.1.5-4ubuntu4
deb/libksba_1.6.7.orig.tar.bz2	cf72510b8ebb4eb6693eef765749d83677a03c79291a311040a5bfd79baab763	apt	libksba=1.6.7-2build1
deb/libkscreen_6.6.4.orig.tar.xz	18f8cf65fcc788a7188d72a17d6e0f107e044e07623d5c012d063d901d67b59d	apt	libkscreen=4:6.6.4-0ubuntu1
deb/libksysguard_6.6.4.orig.tar.xz	9dd0a5a8d3f12d65351fab8c132365dd65f0f9976d6831598ce30ebbfa291a89	apt	libksysguard=4:6.6.4-0ubuntu1
deb/liblc3_1.1.3+dfsg.orig.tar.xz	3b8b36c405bf08e5756bf416b01547dab92e6f57ebf51d7580e18a1cadba6c96	apt	liblc3=1.1.3+dfsg-1build1
deb/libndp_1.9.orig.tar.gz	e564f5914a6b1b799c3afa64c258824a801c1b79a29e2fe6525b682249c65261	apt	libndp=1.9-1build1
deb/libnl3_3.12.0.orig.tar.gz	fc51ca7196f1a3f5fdf6ffd3864b50f4f9c02333be28be4eeca057e103c0dd18	apt	libnl3=3.12.0-2
deb/libnvme_1.16.1.orig.tar.xz	39570e89807296ade6985e08922f874d3799ce89ac1bcb05849a454cdc965710	apt	libnvme=1.16.1-4
deb/libogg_1.3.6.orig.tar.xz	5c8253428e181840cd20d41f3ca16557a9cc04bad4a3d04cce84808677fa1061	apt	libogg=1.3.6-2
deb/libpciaccess_0.18.1.orig.tar.gz	f31889dfb54c1b0ba114ce0eebc360bdbe14392b209ca94cb019c2bb736a6b9a	apt	libpciaccess=0.18.1-1ubuntu4.1
deb/libplasma_6.6.4.orig.tar.xz	cc7dfd90b4caba4b2b4da1eb5d6c7aaa20b72b9770f511cbc433eadcc5b8e483	apt	libplasma=6.6.4-0ubuntu1
deb/libpng1.6_1.6.57.orig.tar.gz	4cbb7b0746edc1683c9581b373365e955133b7f1243f171b7d1535b4415dfedb	apt	libpng1.6=1.6.57-1
deb/libpsl_0.21.2.orig.tar.xz	11e34380f2c81d6e72c710464aae3b680df4ddcc1007826c630fb03c7ca6aa54	apt	libpsl=0.21.2-1.1build2
deb/libpwquality_1.4.5.orig.tar.bz2	6fcf18b75d305d99d04d2e42982ed5b787a081af2842220ed63287a2d6a10988	apt	libpwquality=1.4.5-5build1
deb/libseccomp_2.6.0.orig.tar.gz	83b6085232d1588c379dc9b9cae47bb37407cf262e6e74993c61ba72d2a784dc	apt	libseccomp=2.6.0-2ubuntu5
deb/libsm_1.2.6.orig.tar.gz	166b4b50d606cdd83f1ddc61b5b9162600034f848b3e32ccbb0e63536b7d6cdd	apt	libsm=2:1.2.6-1build1
deb/libsndfile_1.2.2.orig.tar.gz	ffe12ef8add3eaca876f04087734e6e8e029350082f3251f565fa9da55b52121	apt	libsndfile=1.2.2-4
deb/libsoup3_3.6.6.orig.tar.xz	51ed0ae06f9d5a40f401ff459e2e5f652f9a510b7730e1359ee66d14d4872740	apt	libsoup3=3.6.6-1
deb/libtirpc_1.3.7.orig.tar.bz2	b47d3ac19d3549e54a05d0019a6c400674da716123858cfdb6d3bdd70a66c702	apt	libtirpc=1.3.7-0.1
deb/libtool_2.5.4.orig.tar.xz	d9189031edeaa6aa74695b2aeb80a8c26df50b29d8b72c991667e01adecea42c	apt	libtool=2.5.4-9
deb/liburcu_0.15.6.orig.tar.bz2	850b192096eb11ebf2c70e8f97bc7da7479ee41da1bebeb44e3986908bac414f	apt	liburcu=0.15.6-1
deb/libusb-1.0_1.0.29.orig.tar.bz2	5977fc950f8d1395ccea9bd48c06b3f808fd3c2c961b44b0c2e6e29fc3a70a85	apt	libusb-1.0=2:1.0.29-2build1
deb/libva_2.23.0.orig.tar.gz	b10aceb30e93ddf13b2030eb70079574ba437be9b3b76065caf28a72c07e23e7	apt	libva=2.23.0-1ubuntu1
deb/libvdpau_1.5.orig.tar.bz2	a5d50a42b8c288febc07151ab643ac8de06a18446965c7241f89b4e810821913	apt	libvdpau=1.5-4
deb/libvorbis_1.3.7.orig.tar.gz	0e982409a9c3fc82ee06e08205b1355e5c6aa4c36bca58146ef399621b0ce5ab	apt	libvorbis=1.3.7-3build2
deb/libvpx_1.16.0.orig.tar.gz	7a479a3c66b9f5d5542a4c6a1b7d3768a983b1e5c14c60a9396edc9b649e015c	apt	libvpx=1.16.0-3
deb/libwacom_2.18.0.orig.tar.gz	9038d27d9b6290d460d7c97376826adf181bfa2a8e25877ce1bc6595a604cb68	apt	libwacom=2.18.0-1
deb/libwebp_1.5.0.orig.tar.gz	7d6fab70cf844bf6769077bd5d7a74893f8ffd4dfb42861745750c63c2a5c92c	apt	libwebp=1.5.0-0.1build1
deb/libx11_1.8.13.orig.tar.gz	acf0e7cd7541110e6330ecb539441a2d53061f386ec7be6906dfde0de2598470	apt	libx11=2:1.8.13-1
deb/libxau_1.0.11.orig.tar.gz	3a321aaceb803577a4776a5efe78836eb095a9e44bbc7a465d29463e1a14f189	apt	libxau=1:1.0.11-1build2
deb/libxcb_1.17.0.orig.tar.gz	2c69287424c9e2128cb47ffe92171e10417041ec2963bceafb65cb3fcf8f0b85	apt	libxcb=1.17.0-2ubuntu1
deb/libxcomposite_0.4.6.orig.tar.gz	3599dfcd96cd48d45e6aeb08578aa27636fa903f480f880c863622c2b352d076	apt	libxcomposite=1:0.4.6-1build1
deb/libxcursor_1.2.3.orig.tar.gz	74e72da27e61cc2cfd2e267c14f500ea47775850048ee0b00362a55c9b60ee9b	apt	libxcursor=1:1.2.3-1build1
deb/libxcvt_0.1.3.orig.tar.xz	a929998a8767de7dfa36d6da4751cdbeef34ed630714f2f4a767b351f2442e01	apt	libxcvt=0.1.3-1build1
deb/libxdamage_1.1.7.orig.tar.xz	127067f521d3ee467b97bcb145aeba1078e2454d448e8748eb984d5b397bde24	apt	libxdamage=1:1.1.7-1
deb/libxdmcp_1.1.5.orig.tar.gz	31a7abc4f129dcf6f27ae912c3eedcb94d25ad2e8f317f69df6eda0bc4e4f2f3	apt	libxdmcp=1:1.1.5-2
deb/libxext_1.3.4.orig.tar.gz	8ef0789f282826661ff40a8eef22430378516ac580167da35cc948be9041aac1	apt	libxext=2:1.3.4-1build3
deb/libxfixes_6.0.0.orig.tar.gz	82045da5625350838390c9440598b90d69c882c324ca92f73af9f0e992cb57c7	apt	libxfixes=1:6.0.0-2build2
deb/libxfont_2.0.6.orig.tar.gz	a944df7b6837c8fa2067f6a5fc25d89b0acc4011cd0bc085106a03557fb502fc	apt	libxfont=1:2.0.6-2ubuntu0.2
deb/libxi_1.8.2.orig.tar.gz	5542daec66febfeb6f51d57abfa915826efe2e3af57534f4105b82240ea3188d	apt	libxi=2:1.8.2-2
deb/libxinerama_1.1.4.orig.tar.gz	64de45e18cc76b8e703cb09b3c9d28bd16e3d05d5cd99f2d630de2d62c3acc18	apt	libxinerama=2:1.1.4-3build2
deb/libxkbcommon_1.13.1.orig.tar.gz	6802621c81b674e468d2346a8f6d9a48ba5c154b72434a1c9e1a3eaa29f36fb5	apt	libxkbcommon=1.13.1-1
deb/libxkbfile_1.1.0.orig.tar.gz	2a92adda3992aa7cbad758ef0b8dfeaedebb49338b772c64ddf369d78c1c51d3	apt	libxkbfile=1:1.1.0-1build5
deb/libxml2_2.15.2+dfsg.orig.tar.xz	f1e80b8c76041d45840b96da2a5c0ddfb7ffcc923ef6687260e7ebb0fdaa26a5	apt	libxml2=2.15.2+dfsg-0.1ubuntu0.2
deb/libxmlb_0.3.24.orig.tar.gz	45245a5ebe8a3598449f4d53a576801bdb6489aae03ff2206ad4fc7799611014	apt	libxmlb=0.3.24-2
deb/libxrandr_1.5.4.orig.tar.gz	c72c94dc3373512ceb67f578952c5d10915b38cc9ebb0fd176a49857b8048e22	apt	libxrandr=2:1.5.4-1build1
deb/libxrender_0.9.12.orig.tar.gz	0fff64125819c02d1102b6236f3d7d861a07b5216d8eea336c3811d31494ecf7	apt	libxrender=1:0.9.12-1build1
deb/libxshmfence_1.3.3.orig.tar.gz	6233ccd9fa80198835efc3039cdf8086ab2b218b17e77ebdb0a19913fcee58d3	apt	libxshmfence=1.3.3-1build1
deb/libxslt_1.1.45.orig.tar.xz	9acfe68419c4d06a45c550321b3212762d92f41465062ca4ea19e632ee5d216e	apt	libxslt=1.1.45-0.1
deb/libxtst_1.2.5.orig.tar.gz	244ba6e1c5ffa44f1ba251affdfa984d55d99c94bb925a342657e5e7aaf6d39c	apt	libxtst=2:1.2.5-1build1
deb/libxxf86vm_1.1.4.orig.tar.gz	5108553c378a25688dcb57dca383664c36e293d60b1505815f67980ba9318a99	apt	libxxf86vm=1:1.1.4-2
deb/libyaml_0.2.5.orig.tar.gz	fa240dbf262be053f3898006d502d514936c818e422afdcf33921c63bed9bf2e	apt	libyaml=0.2.5-2build3
deb/libzstd_1.5.7+dfsg.orig.tar.xz	0c092ef267edce57ba7f3f2645c861f72eaf5e76273c6c3632869423464b90a5	apt	libzstd=1.5.7+dfsg-3
deb/linux_7.0.0.orig.tar.gz	c6343795c8c7e4feff55f5b309365c8e0eaf49cd6abcb412e32315313f149536	apt	linux=7.0.0-34.34
deb/llvm-toolchain-21_21.1.8.orig.tar.xz	d983d6b6ffce1d413a1910a9fd00f794bb99a5ae4c4e7d23d18a99254640f4eb	apt	llvm-toolchain-21=1:21.1.8-6ubuntu1
deb/lm-sensors_3.6.2.orig.tar.gz	c6a0587e565778a40d88891928bf8943f27d353f382d5b745a997d635978a8f0	apt	lm-sensors=1:3.6.2-2build1
deb/lua5.4_5.4.8.orig.tar.gz	4f18ddae154e793e46eeab727c59ef1c0c0c2b744e7b94219710d76f530629ae	apt	lua5.4=5.4.8-1build1
deb/lvm2_2.03.31.orig.tar.xz	5541d15f739bc62263b551b1d8091ea8fc889a31ed20cdc58ff9f7192d8ecd4a	apt	lvm2=2.03.31-2ubuntu3
deb/mangohud_0.8.2~rc2.orig.tar.xz	6f4e5e1effb8d410d15e6da5adbdc5fb74c5c1a98b147e3eb9eba17290c0cbed	apt	mangohud=0.8.2~rc2-1
deb/mesa_26.0.8.orig.tar.xz	caf1c0061a68e88dfa74967a7e780c0e85d65b6c4e334cd69095a5dc54ad78bc	apt	mesa=26.0.8-1ubuntu0.3
deb/milou_6.6.4.orig.tar.xz	23305383141927777be94e9542a0cf839cf8949286ff071e08346aa8e15a6778	apt	milou=4:6.6.4-0ubuntu1
deb/modemmanager_1.25.95.orig.tar.xz	4d93ffd677b4c9f7f773197a77bfe2cc40f3a6fea94409f91ffd51dd7c20c64d	apt	modemmanager=1.25.95-1ubuntu1
deb/mpclib3_1.3.1.orig.tar.gz	ab642492f5cf882b74aa0cb730cd410a81edcdbec895183ce930e706c1c759b8	apt	mpclib3=1.3.1-3
deb/mpfr4_4.2.2.orig.tar.xz	b67ba0383ef7e8a8563734e2e889ef5ec3c3b898a01d00fa0a6869ad81c6ce01	apt	mpfr4=4.2.2-3
deb/mpg123_1.33.3.orig.tar.bz2	6a0c6472dd156e213c2068f40115ebbb73978c2d873e66bae2a250e2d2198d26	apt	mpg123=1.33.3-2
deb/mtdev_1.1.7.orig.tar.gz	a55bd02a9af4dd266c0042ec608744fff3a017577614c057da09f1f4566ea32c	apt	mtdev=1.1.7-1build1
deb/musl_1.2.5.orig.tar.gz	a9a118bbe84d8764da0ea0d28b3ab3fae8477fc7e4085d90102b8596fc7c75e4	apt	musl=1.2.5-3build1
deb/nano_8.7.1.orig.tar.xz	76f0dcb248f2e2f1251d4ecd20fd30fb400a360a3a37c6c340e0a52c2d1cdedf	apt	nano=8.7.1-1ubuntu0.1
deb/ncurses_6.6+20251231.orig.tar.gz	e280541f4f601b8586bec305976c873fd641607f9bc4254bf661034dcccac4e9	apt	ncurses=6.6+20251231-1
deb/network-manager_1.54.3.orig.tar.bz2	e38d55611af8127e1a2b1a7b4952bded1f61917cbc49d4ee7a272ec3fcd7b51b	apt	network-manager=1.54.3-2ubuntu3.1
deb/nghttp2_1.68.0.orig.tar.gz	2c16ffc588ad3f9e2613c3fad72db48ecb5ce15bc362fcc85b342e48daf51013	apt	nghttp2=1.68.0-2ubuntu0.2
deb/npth_1.8.orig.tar.bz2	8bd24b4f23a3065d6e5b26e98aba9ce783ea4fd781069c1b35d149694e90ca3e	apt	npth=1.8-3build1
deb/open-vm-tools_13.0.10.orig.tar.xz	90f09355e93b6248cc9a62d70ab5ac7d9c0a696313295c325d3acccfdd75a7bf	apt	open-vm-tools=2:13.0.10-1ubuntu1
deb/opencv_4.10.0+dfsg.orig.tar.xz	4ca619efbad524c550771ab110332fc81293fb720bd03980fe58bc15f9ca3be8	apt	opencv=4.10.0+dfsg-7ubuntu5
deb/opendoas_6.8.2.orig.tar.xz	6192dedbbf66d8e9437c982864ce473ab662b7262a9fadf488cced12e830a466	apt	opendoas=6.8.2-1build1
deb/openssl_3.5.5.orig.tar.gz	b28c91532a8b65a1f983b4c28b7488174e4a01008e29ce8e69bd789f28bc2a89	apt	openssl=3.5.5-1ubuntu3.5
deb/opus_1.6.1.orig.tar.xz	001ac615b9f8f8994b229ad2b1a5969ed12ab48b0d154d0af1016a5899cd6ba1	apt	opus=1.6.1-1
deb/ostree_2025.7.orig.tar.xz	af8d080b9585e7fd1faba8f022967e1c268ae62e20ecf32ee7b364c1e307570b	apt	ostree=2025.7-3build1
deb/pam_1.7.0.orig.tar.xz	57dcd7a6b966ecd5bbd95e1d11173734691e16b68692fa59661cdae9b13b1697	apt	pam=1.7.0-5ubuntu3.2
deb/pcre2_10.46.orig.tar.gz	8d28d7f2c3b970c3a4bf3776bcbb5adfc923183ce74bc8df1ebaad8c1985bd07	apt	pcre2=10.46-1build1
deb/pipewire_1.6.2.orig.tar.gz	13eaaf67558ddccf3d61ab7826f202d53538de422b015dd841ec92e1b7f5c0d8	apt	pipewire=1.6.2-1ubuntu1.2
deb/pixman_0.46.4.orig.tar.gz	d09c44ebc3bd5bee7021c79f922fe8fb2fb57f7320f55e97ff9914d2346a591c	apt	pixman=0.46.4-1
deb/plasma-activities-stats_6.6.4.orig.tar.xz	8b1a6a93afee6876d5050d874927912f32e52c60ff3c67bcded477f4f7c9cd45	apt	plasma-activities-stats=6.6.4-0ubuntu1
deb/plasma-activities_6.6.4.orig.tar.xz	a1973821797c703177d51e698f8abfd8294796a9396316440b14dca958bb57e5	apt	plasma-activities=6.6.4-0ubuntu1
deb/plasma-desktop_6.6.4.orig.tar.xz	e2db899274c52e895f09dcecd5c502374cf24de955b31aeb8c270f171ef81138	apt	plasma-desktop=4:6.6.4-0ubuntu1
deb/plasma-discover_6.6.4.orig.tar.xz	dd673afead30054f7492a882a2e58aad6cb0c52056f8b503a027bce5e04ef4da	apt	plasma-discover=6.6.4-0ubuntu1
deb/plasma-integration_6.6.4.orig.tar.xz	a31b666d2aa3a7a4f239c141e16ca66617fb94388107ccaee8e8ff1f0205a16c	apt	plasma-integration=6.6.4-0ubuntu1
deb/plasma-nm_6.6.4.orig.tar.xz	392bdcf44d5cb2df36352582226c3f018c975461f57839f35f771e158f5b3e4f	apt	plasma-nm=4:6.6.4-0ubuntu1
deb/plasma-pa_6.6.4.orig.tar.xz	e7062b86e728033b1125c711ec5bb285d2028c642f9775347624a1607f694793	apt	plasma-pa=4:6.6.4-0ubuntu1
deb/plasma-systemmonitor_6.6.4.orig.tar.xz	5be0c214a4d48c85608169c0603c4d5687553c98bc1b45c7353be93f66cd8b12	apt	plasma-systemmonitor=6.6.4-0ubuntu1
deb/plasma-wayland-protocols_1.20.0.orig.tar.xz	9818bb1462211ce5982e670abf0d964eb11fe1d0c02a1c26084db30695a79d6a	apt	plasma-wayland-protocols=1.20.0-2
deb/plasma-workspace_6.6.4.orig.tar.xz	c68a70f33b3f638eccccd51f842491cc45abc6f143f5cae4a14b180b94a83ea2	apt	plasma-workspace=4:6.6.4-0ubuntu2
deb/plasma5support_6.6.4.orig.tar.xz	30b4c1f17b8ef29e4ff519748690cc2545bbb61d71b3bc91b1ddeee981f94fd8	apt	plasma5support=4:6.6.4-0ubuntu1
deb/policykit-1_127.orig.tar.gz	9b7bc16f086479dcc626c575976568ba4a85d34297a750d8ab3d2e57f6d8b988	apt	policykit-1=127-2ubuntu1.1
deb/polkit-kde-agent-1_6.6.4.orig.tar.xz	5a3944e19658cbff9d8fc4b15252ca1947c6acad9c41722d4bc05f9ce8d6f226	apt	polkit-kde-agent-1=4:6.6.4-0ubuntu1
deb/polkit-qt-1_0.200.0.orig.tar.xz	5d3b611c062d2b76a93750bb10c907bfd21d1ff08d0a15dc2cf63e278e1677fb	apt	polkit-qt-1=0.200.0-4ubuntu1
deb/popt_1.19+dfsg.orig.tar.xz	4cd0cd2963d0c4078f65949599d97135c15ee6c09cf3a36a9a1b2753025bb06b	apt	popt=1.19+dfsg-2build1
deb/power-profiles-daemon_0.30.orig.tar.bz2	528ee5b8ca0a27d8d66128ebf850e23be9571dc130cf2a82dd2463dac7d3a92f	apt	power-profiles-daemon=0.30-2
deb/powerdevil_6.6.4.orig.tar.xz	85234e1c8402e919f33c8592af71ea3c8be1c4cd93c22c09b4b8b38467ddbf05	apt	powerdevil=4:6.6.4-0ubuntu1
deb/pulseaudio-qt_1.7.0.orig.tar.xz	6a18db76dd2bcc3df7d9a9379c025295817264baa1f2ed8caaac7da44e04e931	apt	pulseaudio-qt=1.7.0-1build1
deb/pulseaudio_17.0+dfsg1.orig.tar.xz	24a25d3cf8fcede801f6b3d05ca6d22b0a43ad2f710a4fbf2ec251debc9cff5b	apt	pulseaudio=1:17.0+dfsg1-2ubuntu4
deb/python3.14_3.14.4.orig.tar.xz	d923c51303e38e249136fc1bdf3568d56ecb03214efdef48516176d3d7faaef8	apt	python3.14=3.14.4-1ubuntu0.2
deb/qca2_2.3.10.orig.tar.xz	1c5b722da93d559365719226bb121c726ec3c0dc4c67dea34f1e50e4e0d14a02	apt	qca2=2.3.10-2
deb/qcoro_0.13.0.orig.tar.gz	4bff7513c5c8e301b66308df05795043b1792ed16381a484e5c990171b8ff19e	apt	qcoro=0.13.0-1ubuntu2
deb/qemu_10.2.1+ds.orig.tar.xz	4f495c2a523f78f50cc83327cabf01e7e89c6b9a5d3d6cadd9e78de94b25c416	apt	qemu=1:10.2.1+ds-1ubuntu3.2
deb/qrencode_4.1.1.orig.tar.bz2	e455d9732f8041cf5b9c388e345a641fd15707860f928e94507b1961256a6923	apt	qrencode=4.1.1-2build1
deb/qt6-5compat_6.10.2.orig.tar.xz	3fa418f0fac02eb9efc5f762fbe25f20647b0ebb7fa92faf07e6de85044161c2	apt	qt6-5compat=6.10.2-1
deb/qt6-base_6.10.2+dfsg.orig.tar.xz	b5f8b150b1f0dd8a3ec51764cfd7817562f6b543b5f37dc5cab7c7f1823d313d	apt	qt6-base=6.10.2+dfsg-7
deb/qt6-declarative_6.10.2+dfsg.orig.tar.xz	300b2daa3aec7f4e3a620fdb6b6972417fdc349834ae93023cea7c0b0ffe3b7a	apt	qt6-declarative=6.10.2+dfsg-3
deb/qt6-imageformats_6.10.2.orig.tar.xz	8b8f9c718638081e7b3c000e7f31910140b1202a98e98df5d1b496fe6f639d67	apt	qt6-imageformats=6.10.2-1
deb/qt6-location_6.10.2.orig.tar.xz	d313f05dedc593517c47d0fa3eb131a2597c01db23de263fe89fea561be50f3c	apt	qt6-location=6.10.2-1
deb/qt6-multimedia_6.10.2.orig.tar.xz	93f7ef0106fbd731165a2723f3e436c911fc5e6880f5bc987b55516c20833e2b	apt	qt6-multimedia=6.10.2-2
deb/qt6-positioning_6.10.2.orig.tar.xz	7051fa64477c66769840cad396fc3772a01ba5516363c8842a7a513fa0c4cdce	apt	qt6-positioning=6.10.2-1
deb/qt6-sensors_6.10.2.orig.tar.xz	91e6515b7cebbfae3696861933f5359cc303dfe82f7849cf5a10df378c8ef581	apt	qt6-sensors=6.10.2-1
deb/qt6-shadertools_6.10.2.orig.tar.xz	18d9dbbc4f7e6e96e6ed89a9965dc032e2b58158b65156c035537826216716c9	apt	qt6-shadertools=6.10.2-1
deb/qt6-speech_6.10.2.orig.tar.xz	d937f6c715792b0d8f036e94513ebfc8def6b988a65f3ff30a7f4a8cc1263014	apt	qt6-speech=6.10.2-1
deb/qt6-svg_6.10.2.orig.tar.xz	f07ff80f38caf235187200345392ca7479445ddf49a36c3694cd52a735dad6e1	apt	qt6-svg=6.10.2-2
deb/qt6-tools_6.10.2.orig.tar.xz	1e3d2c07c1fd76d2425c6eaeeaa62ffaff5f79210c4e1a5bc2a6a9db668d5b24	apt	qt6-tools=6.10.2-1
deb/qt6-translations_6.10.2.orig.tar.xz	b3b3813bc9d76b545716dc8b6e659fa71b6e2bc14569e9fab6dab8b30650a644	apt	qt6-translations=6.10.2-1
deb/qt6-wayland_6.10.2.orig.tar.xz	391998eb432719df26a6a67d8efdc67f8bf2afdd76c1ee3381ebff4fe7527ee2	apt	qt6-wayland=6.10.2-4
deb/qt6-webview_6.10.2.orig.tar.xz	7ec406ff0998900ccef0ff8e4e5b1fbf15e4e18f3b43eb72e8b2aeda0dd0eab4	apt	qt6-webview=6.10.2-1
deb/readline_8.3.orig.tar.gz	fe5383204467828cd495ee8d1d3c037a7eba1389c22bc6a041f627976f9061cc	apt	readline=8.3-4
deb/runit_2.3.0.orig.tar.gz	190e11c1f8072b543bb6bd53850555c458d6e306d53df3fc1232d300c3e21b51	apt	runit=2.3.0-1ubuntu1
deb/sbc_2.1.orig.tar.gz	8cf661b5463ff9b5a10986ba127cc90146d7b7a06aec6483247332d59d3e5cdd	apt	sbc=2.1-1build1
deb/sddm-kcm_6.6.4.orig.tar.xz	b38c60186c4a810893df554e94acbb5a1cbc6c4f8ba57aacd42190dc77b577c9	apt	sddm-kcm=4:6.6.4-0ubuntu1
deb/sddm_0.21.0+git20250502.4fe234b.orig.tar.gz	7441d09319e6f988b5ef523b4e7c0ec967f359d4b71fb85d3bdfaf762555520a	apt	sddm=0.21.0+git20250502.4fe234b-2ubuntu3
deb/shared-mime-info_2.4.orig.tar.bz2	32dc32ae39ff1c1bf8434dd3b36770b48538a1772bc0298509d034f057005992	apt	shared-mime-info=2.4-5build3
deb/sound-theme-freedesktop_0.8.orig.tar.bz2	cb518b20eef05ec2e82dda1fa89a292c1760dc023aba91b8aa69bafac85e8a14	apt	sound-theme-freedesktop=0.8-7build1
deb/spirv-headers_1.6.1+1.4.341.0.orig.tar.gz	a1dcbe4af25a33454cbee28448953fd961e2283e81d1e1cf752b1a22593599cd	apt	spirv-headers=1.6.1+1.4.341.0-1
deb/spirv-tools_2026.1.orig.tar.gz	d40b13797f9a489377f7bf92c501509a5a92fd278c5d9e6505328a3b2daae998	apt	spirv-tools=2026.1-1
deb/sqlite3_3.46.1.orig-www.tar.xz	648df41a8e532882b1905df45919aae4bafaf74c455f66bc86f1f52f45c8b8f0	apt	sqlite3=3.46.1-9ubuntu0.3
deb/sqlite3_3.46.1.orig.tar.xz	d0cdd2ece271b29e7ce18095745d892517ee26d0f270065b3a25c2e9eb11639c	apt	sqlite3=3.46.1-9ubuntu0.3
deb/squashfs-tools_4.7.5.orig.tar.gz	547b7b7f4d2e44bf91b6fc554664850c69563701deab9fd9cd7e21f694c88ea6	apt	squashfs-tools=1:4.7.5-1
deb/systemsettings_6.6.4.orig.tar.xz	18d2aab42f3f3ce17c5e636238c2d7a1908152f2203f521d6d8441537d3edf04	apt	systemsettings=4:6.6.4-0ubuntu1
deb/udisks2_2.10.91.orig.tar.bz2	2247ef8860a2846339240387ac1da5a7ed3432410d607fd9254a7dbe00335b1b	apt	udisks2=2.10.91-1ubuntu2.1
deb/upower_1.91.1.orig.tar.bz2	d568638d670a63a1886335b7b136f4888cb38a3b28f3f4bcdeaffcca0b0f6df8	apt	upower=1.91.1-1
deb/util-linux_2.41.3.orig.tar.xz	3330d873f0fceb5560b89a7dc14e4f3288bbd880e96903ed9b50ec2b5799e58b	apt	util-linux=2.41.3-3ubuntu2.2
deb/vulkan-loader_1.4.341.0.orig.tar.xz	a022ed880ae99c91ed6aca34c2e6551a163617666034f0eeb9b9efdd54a272a6	apt	vulkan-loader=1.4.341.0-1
deb/wayland-protocols_1.47.orig.tar.xz	5fd4349bcbc9bab9a46f8cf77d1f434296a7a052c87440a094f63fcf62a58e20	apt	wayland-protocols=1.47-1
deb/wayland_1.24.0.orig.tar.gz	c6d416e207d4d80d2577c316ce1554062b37f6e8776f81f25fb4f5a3515590f7	apt	wayland=1.24.0-2
deb/wireless-regdb_2026.05.30.orig.tar.gz	1a2e41d23d4034e055ef87112a13ad70615d32232ff14dc1b73e84e11de201cb	apt	wireless-regdb=2026.05.30-0ubuntu1~26.04.1
deb/wireplumber_0.5.13.orig.tar.gz	15001955451db3a79fdd3d6535aedada14ed5eea4638e2ac10b6b3f2a2282e3e	apt	wireplumber=0.5.13-1ubuntu1
deb/wpa_2.11.orig.tar.xz	9f1109e2aef8e591004bec8e9d8dd363be61c2edaf99f4cc14e35b74316d5a45	apt	wpa=2:2.11-0ubuntu5
deb/x11-xkb-utils_7.7+9build1.tar.xz	2f7fee7b72120f32dcad6bf8f49d00994d064cdbe5aaffc93920356a3c84cdd8	apt	x11-xkb-utils=7.7+9build1
deb/x264_0.165.3222+gitb35605ac.orig.tar.gz	4672fb415c34bf16e2ed9cd43d1ab865158f586c7f1406d507f7f44516fb5ec8	apt	x264=2:0.165.3222+gitb35605ac-3build1
deb/xcb-proto_1.17.0.orig.tar.gz	392d3c9690f8c8202a68fdb89c16fd55159ab8d65000a6da213f4a1576e97a16	apt	xcb-proto=1.17.0-1build1
deb/xcb-util-cursor_0.1.6.orig.tar.gz	eae38b2dfc5c529a886e507ef576b12d2a20aa1f149608e4853af760f31be60b	apt	xcb-util-cursor=0.1.6-1
deb/xcb-util-image_0.4.0.orig.tar.bz2	2db96a37d78831d643538dd1b595d7d712e04bdccf8896a5e18ce0f398ea2ffc	apt	xcb-util-image=0.4.0-2build2
deb/xcb-util-keysyms_0.4.1.orig.tar.xz	7c260a5294412aed429df1da2f8afd3bd07b7cba3fec772fba15a613a6d5c638	apt	xcb-util-keysyms=0.4.1-1build1
deb/xcb-util-renderutil_0.3.10.orig.tar.xz	3e15d4f0e22d8ddbfbb9f5d77db43eacd7a304029bf25a6166cc63caa96d04ba	apt	xcb-util-renderutil=0.3.10-1build1
deb/xcb-util-wm_0.4.2.orig.tar.xz	62c34e21d06264687faea7edbf63632c9f04d55e72114aa4a57bb95e4f888a0b	apt	xcb-util-wm=0.4.2-1build1
deb/xcb-util_0.4.1.orig.tar.gz	21c6e720162858f15fe686cef833cf96a3e2a79875f84007d76f6d00417f593a	apt	xcb-util=0.4.1-1build1
deb/xdg-dbus-proxy_0.1.7.orig.tar.xz	3ad3d27ba574e178acb5e4d438ba36ace25e3564f899c36f31c56f82c7adbbe7	apt	xdg-dbus-proxy=0.1.7-1
deb/xdg-desktop-portal-kde_6.6.4.orig.tar.xz	d99bdc236abfcae497727d5e48e7bbcc62641700efb0df284afef221ef878518	apt	xdg-desktop-portal-kde=6.6.4-0ubuntu1
deb/xdg-desktop-portal_1.21.1+ds.orig.tar.xz	21586f1612520a707b3675c50a34350a44566c67b9faeddf7ac15743ff23a457	apt	xdg-desktop-portal=1.21.1+ds-1ubuntu3.1
deb/xdg-user-dirs_0.19.orig.tar.xz	e92deb929c10d4b29329397af8a2585101247f7e6177ac6f1d28e82130ed8c19	apt	xdg-user-dirs=0.19-1
deb/xfsprogs_6.18.0.orig.tar.xz	3a6dc7b1245ce9bccd197bab00691f1b190bd3694d3ccc301d21b83afc133199	apt	xfsprogs=6.18.0-3
deb/xft_2.3.6.orig.tar.gz	b7e59f69e0bbabe9438088775f7e5a7c16a572e58b11f9722519385d38192df5	apt	xft=2.3.6-1build2
deb/xkeyboard-config_2.46.orig.tar.xz	10c58218fb60d08fb1f7b30304deb3ba47613195aa8a08a81f1972775ccc3640	apt	xkeyboard-config=2.46-2
deb/xorgproto_2025.1.orig.tar.gz	d6f89f65bafb8c9b735e0515882b8a1511e8e864dde5e9513e191629369f2256	apt	xorgproto=2025.1-1
deb/xtrans_1.6.0.orig.tar.gz	936b74c60b19c317c3f3cb1b114575032528dbdaf428740483200ea874c2ca0a	apt	xtrans=1.6.0-1build1
deb/xwayland_24.1.10.orig.tar.xz	459762be8ea046c94386687d77a87add6073868bee14f02913eafebb945b7aa0	apt	xwayland=2:24.1.10-1
deb/xz-utils_5.8.3.orig.tar.xz	fff1ffcf2b0da84d308a14de513a1aa23d4e9aa3464d17e64b9714bfdd0bbfb6	apt	xz-utils=5.8.3-1
deb/yaml-cpp_0.8.0+dfsg.orig.tar.xz	32c85a5f36633a9005b20261b35fccb0d8ec69e9ef16c67de7d5d007944e3709	apt	yaml-cpp=0.8.0+dfsg-9
deb/zlib_1.3.dfsg+really1.3.1.orig.tar.gz	60dd315c07f616887caa029408308a018ace66e3d142726a97db164b3b8f69fb	apt	zlib=1:1.3.dfsg+really1.3.1-1ubuntu3.1
acl-2.3.2.tar.xz	-	link	deb/acl_2.3.2.orig.tar.xz
attr-2.5.2.tar.xz	-	link	deb/attr_2.5.2.orig.tar.xz
boost-1.90.0.tar.xz	-	link	deb/boost1.90_1.90.0.orig.tar.xz
breeze-6.6.4.tar.xz	-	link	deb/breeze_6.6.4.orig.tar.xz
bzip2-1.0.8.tar.gz	-	link	deb/bzip2_1.0.8.orig.tar.gz
cups-2.4.16.tar.gz	-	link	deb/cups_2.4.16.orig.tar.gz
e2fsprogs-1.47.2.tar.gz	-	link	deb/e2fsprogs_1.47.2.orig.tar.gz
ffmpeg-8.0.1.tar.xz	-	link	deb/ffmpeg_8.0.1.orig.tar.xz
firmware/linux-firmware-amd-graphics_20240318.git3b128b60-0ubuntu3.3_all.deb	7c6a6083e963fd9394d1f6471b6a94e787a76c6f98b262c2d9262b9a57308b53	pool	http://archive.ubuntu.com/ubuntu/pool/main/l/linux-firmware-amd-graphics/linux-firmware-amd-graphics_20240318.git3b128b60-0ubuntu3.3_all.deb
firmware/linux-firmware-intel-graphics_20240318.git3b128b60-0ubuntu3.1_all.deb	ee2355785ed16466bab120effd242f77423847ec53bc01c5c334431427ea8254	pool	http://archive.ubuntu.com/ubuntu/pool/main/l/linux-firmware-intel-graphics/linux-firmware-intel-graphics_20240318.git3b128b60-0ubuntu3.1_all.deb
firmware/linux-firmware-intel-wireless_20240318.git3b128b60-0ubuntu3.1_all.deb	01ee15acefe58449c33371621cf457d510ec6ac87e90609f0ba19ed78d398060	pool	http://archive.ubuntu.com/ubuntu/pool/main/l/linux-firmware-intel-wireless/linux-firmware-intel-wireless_20240318.git3b128b60-0ubuntu3.1_all.deb
firmware/linux-firmware-mediatek_20240318.git3b128b60-0ubuntu3.1_all.deb	473ea1b5d5ad4c276d618d90f24210cce85a9daf8e626fb5bcd130c990f6e257	pool	http://archive.ubuntu.com/ubuntu/pool/main/l/linux-firmware-mediatek/linux-firmware-mediatek_20240318.git3b128b60-0ubuntu3.1_all.deb
firmware/linux-firmware-misc_20240318.git3b128b60-0ubuntu3.1_all.deb	284873f9312a9a267d96213cfab229c1a6e3924a6149c3b0fdc1a42a853e7b22	pool	http://archive.ubuntu.com/ubuntu/pool/main/l/linux-firmware-misc/linux-firmware-misc_20240318.git3b128b60-0ubuntu3.1_all.deb
firmware/linux-firmware-qualcomm-wireless_20240318.git3b128b60-0ubuntu3.1_all.deb	f333f7c1525949720b87e67dfee80e129ffff33d61fa97050428cd720392563c	pool	http://archive.ubuntu.com/ubuntu/pool/main/l/linux-firmware-qualcomm-wireless/linux-firmware-qualcomm-wireless_20240318.git3b128b60-0ubuntu3.1_all.deb
firmware/linux-firmware-realtek_20240318.git3b128b60-0ubuntu3.1_all.deb	93b11d4f7d086727f6d0fa980c4ee8439dbad50305e8958ca3f71be272f64833	pool	http://archive.ubuntu.com/ubuntu/pool/main/l/linux-firmware-realtek/linux-firmware-realtek_20240318.git3b128b60-0ubuntu3.1_all.deb
flac-1.5.0.tar.xz	-	link	deb/flac_1.5.0+ds.orig.tar.xz
flite-2.2.tar.gz	-	link	deb/flite_2.2.orig.tar.gz
fonts/ca-certificates_20260601~24.04.1_all.deb	6bac2a01979e210d9eac1d4d56747ec709ea60654744d66705dc3c36e7629e50	pool	http://archive.ubuntu.com/ubuntu/pool/main/c/ca-certificates/ca-certificates_20260601~24.04.1_all.deb
fonts/fonts-hack-ttf_3.003-3_all.deb	1f7a793bfb64d941379b5be8719789797fb47ed0da52f22a43f7345a072ce35b	pool	http://archive.ubuntu.com/ubuntu/pool/universe/f/fonts-hack/fonts-hack-ttf_3.003-3_all.deb
fonts/fonts-noto-color-emoji_2.047-0ubuntu0.24.04.1_all.deb	b102b62ce6a7313315223cff5e052bdf8fc0ad162c9e961ce0dc2202bc139ce2	pool	http://archive.ubuntu.com/ubuntu/pool/main/f/fonts-noto-color-emoji/fonts-noto-color-emoji_2.047-0ubuntu0.24.04.1_all.deb
fonts/fonts-noto-core_20201225-2_all.deb	4fee136cb12fc197703a340e010478f780a41044339fcefbd78ed9aa96c8b617	pool	http://archive.ubuntu.com/ubuntu/pool/main/f/fonts-noto/fonts-noto-core_20201225-2_all.deb
Linux-PAM-1.7.0.tar.xz	-	link	deb/pam_1.7.0.orig.tar.xz
Python-3.14.4.tar.xz	-	link	deb/python3.14_3.14.4.orig.tar.xz
alsa-lib-1.2.15.3.tar.bz2	-	link	deb/alsa-lib_1.2.15.3.orig.tar.bz2
alsa-utils-1.2.15.2.tar.bz2	-	link	deb/alsa-utils_1.2.15.2.orig.tar.bz2
apk-tools-3.0.8.tar.gz	3e6389dea1c4b2980bd59097f044bb6f1b64197a7bb79631694ae497b28d863b	git	https://github.com/alpinelinux/apk-tools v3.0.8
appstream-1.1.2.tar.xz	-	link	deb/appstream_1.1.2.orig.tar.xz
argp-standalone-1.4.1.tar.gz	879d76374424dce051b812f16f43c6d16de8dbaddd76002f83fd1b6e57d39e0b	git	https://github.com/ericonr/argp-standalone 1.4.1
bash-5.3.tar.xz	-	link	deb/bash_5.3.orig.tar.xz
binutils-2.46.tar.xz	-	link	deb/binutils_2.46.orig.tar.xz
bluedevil-6.6.4.tar.xz	-	link	deb/bluedevil_6.6.4.orig.tar.xz
bluez-5.85.tar.gz	-	link	deb/bluez_5.85.orig.tar.gz
bubblewrap-0.11.1.tar.xz	-	link	deb/bubblewrap_0.11.1.orig.tar.xz
busybox-1.37.0.tar.bz2	-	link	deb/busybox_1.37.0.orig.tar.bz2
ca-certificates_20260601~24.04.1_all.deb	-	link	fonts/ca-certificates_20260601~24.04.1_all.deb
calamares-3.3.14.tar.gz	-	link	deb/calamares_3.3.14.orig.tar.gz
cryptsetup-2.8.4.tar.gz	-	link	deb/cryptsetup_2.8.4.orig.tar.gz
curl-8.18.0.tar.gz	-	link	deb/curl_8.18.0.orig.tar.gz
dbus-1.16.2.tar.xz	-	link	deb/dbus_1.16.2.orig.tar.xz
dolphin-25.12.3.tar.xz	-	link	deb/dolphin_25.12.3.orig.tar.xz
dosfstools-4.2.tar.gz	-	link	deb/dosfstools_4.2.orig.tar.gz
duktape-2.7.0.tar.xz	-	link	deb/duktape_2.7.0+tests.orig.tar.xz
elfutils-0.194.tar.bz2	-	link	deb/elfutils_0.194.orig.tar.bz2
elogind-255.24.tar.gz	7737e13f409bdf6041bd1a1f5580ab197790f6641e26faf93e09c19c68f5dab8	git	https://github.com/elogind/elogind v255.24
eudev-3.2.14.tar.gz	c340e6c51dfc5531ac0c0fa84a34b72162acf525f9023eb9cf4931b782c8f177	git	https://github.com/eudev-project/eudev v3.2.14
expat-2.7.4.tar.gz	-	link	deb/expat_2.7.4.orig.tar.gz
extra-cmake-modules-6.24.0.tar.xz	-	link	deb/kf6-extra-cmake-modules_6.24.0.orig.tar.xz
flatpak-1.16.6.tar.xz	-	link	deb/flatpak_1.16.6.orig.tar.xz
fontconfig-2.17.1.tar.gz	-	link	deb/fontconfig_2.17.1.orig.tar.gz
fonts-hack-ttf_3.003-3_all.deb	-	link	fonts/fonts-hack-ttf_3.003-3_all.deb
fonts-noto-color-emoji_2.047-0ubuntu0.24.04.1_all.deb	-	link	fonts/fonts-noto-color-emoji_2.047-0ubuntu0.24.04.1_all.deb
fonts-noto-core_20201225-2_all.deb	-	link	fonts/fonts-noto-core_20201225-2_all.deb
freetype-2.14.2.tar.xz	-	link	deb/freetype_2.14.2+dfsg.orig.tar.xz
fuse3-3.18.2.tar.gz	-	link	deb/fuse3_3.18.2.orig.tar.gz
gamemode-1.8.2.tar.gz	-	link	deb/gamemode_1.8.2.orig.tar.gz
gcc-15.2.0.tar.xz	438fd996826b0c82485a29da03a72d71d6e3541a83ec702df4271f6fe025d24e	inner	deb/gcc-15_15.2.0.orig.tar.gz gcc-15-15.2.0/gcc-15.2.0.tar.xz
gdk-pixbuf-2.44.5.tar.xz	-	link	deb/gdk-pixbuf_2.44.5+dfsg.orig.tar.xz
glib-2.88.0.tar.xz	-	link	deb/glib2.0_2.88.0.orig.tar.xz
glslang-16.2.0.tar.gz	-	link	deb/glslang_16.2.0.orig.tar.gz
gmp-6.3.0.tar.xz	-	link	deb/gmp_6.3.0+dfsg.orig.tar.xz
gnupg-2.4.8.tar.bz2	-	link	deb/gnupg2_2.4.8.orig.tar.bz2
gpgme-2.0.1.tar.bz2	-	link	deb/gpgme1.0_2.0.1.orig.tar.bz2
gpgmepp-2.0.0.tar.xz	-	link	deb/gpgmepp_2.0.0.orig.tar.xz
grub-2.14.tar.xz	-	link	deb/grub2_2.14.orig.tar.xz
gst-plugins-base-1.28.2.tar.xz	-	link	deb/gst-plugins-base1.0_1.28.2.orig.tar.xz
gstreamer-1.28.2.tar.xz	-	link	deb/gstreamer1.0_1.28.2.orig.tar.xz
hack-3.003.tar.gz	-	link	deb/fonts-hack_3.003.orig.tar.gz
harfbuzz-12.3.2.tar.xz	-	link	deb/harfbuzz_12.3.2.orig.tar.xz
hicolor-icon-theme-0.18.tar.xz	-	link	deb/hicolor-icon-theme_0.18.orig.tar.xz
hunspell-1.7.2.tar.gz	-	link	deb/hunspell_1.7.2+really1.7.2.orig.tar.gz
hwdata-0.394.tar.gz	-	link	deb/hwdata_0.394.orig.tar.gz
icu-78.2.tar.gz	-	link	deb/icu_78.2.orig.tar.gz
inih-61.tar.gz	-	link	deb/libinih_61.orig.tar.gz
json-c-0.18.tar.xz	-	link	deb/json-c_0.18+ds.orig.tar.xz
json-glib-1.10.8.tar.xz	-	link	deb/json-glib_1.10.8+ds.orig.tar.xz
kactivitymanagerd-6.6.4.tar.xz	-	link	deb/kactivitymanagerd_6.6.4.orig.tar.xz
kde-cli-tools-6.6.4.tar.xz	-	link	deb/kde-cli-tools_6.6.4.orig.tar.xz
kde-spectacle-6.6.4.tar.xz	-	link	deb/kde-spectacle_6.6.4.orig.tar.xz
kdecoration-6.6.4.tar.xz	-	link	deb/kdecoration_6.6.4.orig.tar.xz
keyutils-1.6.3.tar.gz	-	link	deb/keyutils_1.6.3.orig.tar.gz
kf6-attica-6.24.0.tar.xz	-	link	deb/kf6-attica_6.24.0.orig.tar.xz
kf6-bluez-qt-6.24.0.tar.xz	-	link	deb/kf6-bluez-qt_6.24.0.orig.tar.xz
kf6-breeze-icons-6.24.0.tar.xz	-	link	deb/kf6-breeze-icons_6.24.0.orig.tar.xz
kf6-frameworkintegration-6.24.0.tar.xz	-	link	deb/kf6-frameworkintegration_6.24.0.orig.tar.xz
kf6-karchive-6.24.0.tar.xz	-	link	deb/kf6-karchive_6.24.0.orig.tar.xz
kf6-kauth-6.24.0.tar.xz	-	link	deb/kf6-kauth_6.24.0.orig.tar.xz
kf6-kbookmarks-6.24.0.tar.xz	-	link	deb/kf6-kbookmarks_6.24.0.orig.tar.xz
kf6-kcmutils-6.24.0.tar.xz	-	link	deb/kf6-kcmutils_6.24.0.orig.tar.xz
kf6-kcodecs-6.24.0.tar.xz	-	link	deb/kf6-kcodecs_6.24.0.orig.tar.xz
kf6-kcolorscheme-6.24.0.tar.xz	-	link	deb/kf6-kcolorscheme_6.24.0.orig.tar.xz
kf6-kcompletion-6.24.0.tar.xz	-	link	deb/kf6-kcompletion_6.24.0.orig.tar.xz
kf6-kconfig-6.24.0.tar.xz	-	link	deb/kf6-kconfig_6.24.0.orig.tar.xz
kf6-kconfigwidgets-6.24.0.tar.xz	-	link	deb/kf6-kconfigwidgets_6.24.0.orig.tar.xz
kf6-kcoreaddons-6.24.0.tar.xz	-	link	deb/kf6-kcoreaddons_6.24.0.orig.tar.xz
kf6-kcrash-6.24.0.tar.xz	-	link	deb/kf6-kcrash_6.24.0.orig.tar.xz
kf6-kdbusaddons-6.24.0.tar.xz	-	link	deb/kf6-kdbusaddons_6.24.0.orig.tar.xz
kf6-kdeclarative-6.24.0.tar.xz	-	link	deb/kf6-kdeclarative_6.24.0.orig.tar.xz
kf6-kded-6.24.0.tar.xz	-	link	deb/kf6-kded_6.24.0.orig.tar.xz
kf6-kdesu-6.24.0.tar.xz	-	link	deb/kf6-kdesu_6.24.0.orig.tar.xz
kf6-kfilemetadata-6.24.0.tar.xz	-	link	deb/kf6-kfilemetadata_6.24.0.orig.tar.xz
kf6-kglobalaccel-6.24.0.tar.xz	-	link	deb/kf6-kglobalaccel_6.24.0.orig.tar.xz
kf6-kguiaddons-6.24.0.tar.xz	-	link	deb/kf6-kguiaddons_6.24.0.orig.tar.xz
kf6-kholidays-6.24.0.tar.xz	-	link	deb/kf6-kholidays_6.24.0.orig.tar.xz
kf6-ki18n-6.24.0.tar.xz	-	link	deb/kf6-ki18n_6.24.0.orig.tar.xz
kf6-kiconthemes-6.24.0.tar.xz	-	link	deb/kf6-kiconthemes_6.24.0.orig.tar.xz
kf6-kidletime-6.24.0.tar.xz	-	link	deb/kf6-kidletime_6.24.0.orig.tar.xz
kf6-kimageformats-6.24.0.tar.xz	-	link	deb/kf6-kimageformats_6.24.0.orig.tar.xz
kf6-kio-6.24.0.tar.xz	-	link	deb/kf6-kio_6.24.0.orig.tar.xz
kf6-kirigami-6.24.0.tar.xz	-	link	deb/kf6-kirigami_6.24.0.orig.tar.xz
kf6-kitemmodels-6.24.0.tar.xz	-	link	deb/kf6-kitemmodels_6.24.0.orig.tar.xz
kf6-kitemviews-6.24.0.tar.xz	-	link	deb/kf6-kitemviews_6.24.0.orig.tar.xz
kf6-kjobwidgets-6.24.0.tar.xz	-	link	deb/kf6-kjobwidgets_6.24.0.orig.tar.xz
kf6-knewstuff-6.24.0.tar.xz	-	link	deb/kf6-knewstuff_6.24.0.orig.tar.xz
kf6-knotifications-6.24.0.tar.xz	-	link	deb/kf6-knotifications_6.24.0.orig.tar.xz
kf6-knotifyconfig-6.24.0.tar.xz	-	link	deb/kf6-knotifyconfig_6.24.0.orig.tar.xz
kf6-kpackage-6.24.0.tar.xz	-	link	deb/kf6-kpackage_6.24.0.orig.tar.xz
kf6-kparts-6.24.0.tar.xz	-	link	deb/kf6-kparts_6.24.0.orig.tar.xz
kf6-kpty-6.24.0.tar.xz	-	link	deb/kf6-kpty_6.24.0.orig.tar.xz
kf6-kquickcharts-6.24.0.tar.xz	-	link	deb/kf6-kquickcharts_6.24.0.orig.tar.xz
kf6-krunner-6.24.0.tar.xz	-	link	deb/kf6-krunner_6.24.0.orig.tar.xz
kf6-kservice-6.24.0.tar.xz	-	link	deb/kf6-kservice_6.24.0.orig.tar.xz
kf6-kstatusnotifieritem-6.24.0.tar.xz	-	link	deb/kf6-kstatusnotifieritem_6.24.0.orig.tar.xz
kf6-ksvg-6.24.0.tar.xz	-	link	deb/kf6-ksvg_6.24.0.orig.tar.xz
kf6-ktexteditor-6.24.0.tar.xz	-	link	deb/kf6-ktexteditor_6.24.0.orig.tar.xz
kf6-ktextwidgets-6.24.0.tar.xz	-	link	deb/kf6-ktextwidgets_6.24.0.orig.tar.xz
kf6-kunitconversion-6.24.0.tar.xz	-	link	deb/kf6-kunitconversion_6.24.0.orig.tar.xz
kf6-kwallet-6.24.0.tar.xz	-	link	deb/kf6-kwallet_6.24.0.orig.tar.xz
kf6-kwidgetsaddons-6.24.0.tar.xz	-	link	deb/kf6-kwidgetsaddons_6.24.0.orig.tar.xz
kf6-kwindowsystem-6.24.0.tar.xz	-	link	deb/kf6-kwindowsystem_6.24.0.orig.tar.xz
kf6-kxmlgui-6.24.0.tar.xz	-	link	deb/kf6-kxmlgui_6.24.0.orig.tar.xz
kf6-modemmanager-qt-6.23.0.tar.xz	-	link	deb/kf6-modemmanager-qt_6.23.0.orig.tar.xz
kf6-networkmanager-qt-6.24.0.tar.xz	-	link	deb/kf6-networkmanager-qt_6.24.0.orig.tar.xz
kf6-prison-6.24.0.tar.xz	-	link	deb/kf6-prison_6.24.0.orig.tar.xz
kf6-purpose-6.24.0.tar.xz	-	link	deb/kf6-purpose_6.24.0.orig.tar.xz
kf6-qqc2-desktop-style-6.24.0.tar.xz	-	link	deb/kf6-qqc2-desktop-style_6.24.0.orig.tar.xz
kf6-solid-6.24.0.tar.xz	-	link	deb/kf6-solid_6.24.0.orig.tar.xz
kf6-sonnet-6.24.0.tar.xz	-	link	deb/kf6-sonnet_6.24.0.orig.tar.xz
kf6-syntax-highlighting-6.24.0.tar.xz	-	link	deb/kf6-syntax-highlighting_6.24.0.orig.tar.xz
kf6-threadweaver-6.24.0.tar.xz	-	link	deb/kf6-threadweaver_6.24.0.orig.tar.xz
kglobalacceld-6.6.4.tar.xz	-	link	deb/kglobalacceld_6.6.4.orig.tar.xz
kinfocenter-6.6.4.tar.xz	-	link	deb/kinfocenter_6.6.4.orig.tar.xz
kirigami-addons-1.11.0.tar.xz	-	link	deb/kirigami-addons_1.11.0.orig.tar.xz
kmod-34.2.tar.xz	-	link	deb/kmod_34.2.orig.tar.xz
knighttime-6.6.4.tar.xz	-	link	deb/knighttime_6.6.4.orig.tar.xz
konsole-25.12.3.tar.xz	-	link	deb/konsole_25.12.3.orig.tar.xz
kpipewire-6.6.4.tar.xz	-	link	deb/kpipewire_6.6.4.orig.tar.xz
kpmcore-25.12.3.tar.xz	-	link	deb/kpmcore_25.12.3.orig.tar.xz
kquickimageeditor-0.6.0.tar.xz	-	link	deb/kquickimageeditor_0.6.0.orig.tar.xz
kscreen-6.6.4.tar.xz	-	link	deb/kscreen_6.6.4.orig.tar.xz
kscreenlocker-6.6.4.tar.xz	-	link	deb/kscreenlocker_6.6.4.orig.tar.xz
ksystemstats-6.6.4.tar.xz	-	link	deb/ksystemstats_6.6.4.orig.tar.xz
kwayland-6.6.4.tar.xz	-	link	deb/kwayland_6.6.4.orig.tar.xz
kwin-6.6.4.tar.xz	-	link	deb/kwin_6.6.4.orig.tar.xz
layer-shell-qt-6.6.4.tar.xz	-	link	deb/layer-shell-qt_6.6.4.orig.tar.xz
lcms2-2.17.tar.gz	-	link	deb/lcms2_2.17.orig.tar.gz
libarchive-3.8.5.tar.xz	-	link	deb/libarchive_3.8.5.orig.tar.xz
libassuan-3.0.2.tar.bz2	-	link	deb/libassuan_3.0.2.orig.tar.bz2
libatasmart-0.19.tar.xz	-	link	deb/libatasmart_0.19.orig.tar.xz
libblockdev-3.4.0.tar.gz	-	link	deb/libblockdev_3.4.0.orig.tar.gz
libbytesize-2.12.tar.gz	-	link	deb/libbytesize_2.12.orig.tar.gz
libcanberra-0.30.tar.xz	-	link	deb/libcanberra_0.30.orig.tar.xz
libcap-2.75.tar.xz	-	link	deb/libcap2_2.75.orig.tar.xz
libdisplay-info-0.3.0.tar.bz2	-	link	deb/libdisplay-info_0.3.0.orig.tar.bz2
libdmtx-0.7.8.tar.gz	-	link	deb/libdmtx_0.7.8.orig.tar.gz
libdrm-2.4.131.tar.xz	-	link	deb/libdrm_2.4.131.orig.tar.xz
libepoxy-1.5.10.tar.gz	-	link	deb/libepoxy_1.5.10.orig.tar.gz
libevdev-1.13.6.tar.xz	-	link	deb/libevdev_1.13.6+dfsg.orig.tar.xz
libffi-3.5.2.tar.gz	-	link	deb/libffi_3.5.2.orig.tar.gz
libfontenc-1.1.8.tar.gz	-	link	deb/libfontenc_1.1.8.orig.tar.gz
libfreeaptx-0.2.2.tar.gz	-	link	deb/libfreeaptx_0.2.2.orig.tar.gz
libfyaml-0.9.4.tar.gz	-	link	deb/libfyaml_0.9.4.orig.tar.gz
libgcrypt-1.12.0.tar.bz2	-	link	deb/libgcrypt20_1.12.0.orig.tar.bz2
libgpg-error-1.58.tar.bz2	-	link	deb/libgpg-error_1.58.orig.tar.bz2
libgudev-238.tar.xz	-	link	deb/libgudev_238.orig.tar.xz
libice-1.1.1.tar.gz	-	link	deb/libice_1.1.1.orig.tar.gz
libinput-1.31.1.tar.gz	-	link	deb/libinput_1.31.1.orig.tar.gz
libjpeg-turbo-2.1.5.tar.gz	-	link	deb/libjpeg-turbo_2.1.5.orig.tar.gz
libksba-1.6.7.tar.bz2	-	link	deb/libksba_1.6.7.orig.tar.bz2
libkscreen-6.6.4.tar.xz	-	link	deb/libkscreen_6.6.4.orig.tar.xz
libksysguard-6.6.4.tar.xz	-	link	deb/libksysguard_6.6.4.orig.tar.xz
liblc3-1.1.3.tar.xz	-	link	deb/liblc3_1.1.3+dfsg.orig.tar.xz
libndp-1.9.tar.gz	-	link	deb/libndp_1.9.orig.tar.gz
libnl-3.12.0.tar.gz	-	link	deb/libnl3_3.12.0.orig.tar.gz
libnvme-1.16.1.tar.xz	-	link	deb/libnvme_1.16.1.orig.tar.xz
libogg-1.3.6.tar.xz	-	link	deb/libogg_1.3.6.orig.tar.xz
libpciaccess-0.18.1.tar.gz	-	link	deb/libpciaccess_0.18.1.orig.tar.gz
libplasma-6.6.4.tar.xz	-	link	deb/libplasma_6.6.4.orig.tar.xz
libpng-1.6.57.tar.gz	-	link	deb/libpng1.6_1.6.57.orig.tar.gz
libpsl-0.21.2.tar.xz	-	link	deb/libpsl_0.21.2.orig.tar.xz
libseccomp-2.6.0.tar.gz	-	link	deb/libseccomp_2.6.0.orig.tar.gz
libsm-1.2.6.tar.gz	-	link	deb/libsm_1.2.6.orig.tar.gz
libsndfile-1.2.2.tar.gz	-	link	deb/libsndfile_1.2.2.orig.tar.gz
libtirpc-1.3.7.tar.bz2	-	link	deb/libtirpc_1.3.7.orig.tar.bz2
libtool-2.5.4.tar.xz	-	link	deb/libtool_2.5.4.orig.tar.xz
libusb-1.0.29.tar.bz2	-	link	deb/libusb-1.0_1.0.29.orig.tar.bz2
libva-2.23.0.tar.gz	-	link	deb/libva_2.23.0.orig.tar.gz
libvdpau-1.5.tar.bz2	-	link	deb/libvdpau_1.5.orig.tar.bz2
libvorbis-1.3.7.tar.gz	-	link	deb/libvorbis_1.3.7.orig.tar.gz
libvpx-1.16.0.tar.gz	-	link	deb/libvpx_1.16.0.orig.tar.gz
libwacom-2.18.0.tar.gz	-	link	deb/libwacom_2.18.0.orig.tar.gz
libwebp-1.5.0.tar.gz	-	link	deb/libwebp_1.5.0.orig.tar.gz
libx11-1.8.13.tar.gz	-	link	deb/libx11_1.8.13.orig.tar.gz
libxau-1.0.11.tar.gz	-	link	deb/libxau_1.0.11.orig.tar.gz
libxcb-1.17.0.tar.gz	-	link	deb/libxcb_1.17.0.orig.tar.gz
libxcomposite-0.4.6.tar.gz	-	link	deb/libxcomposite_0.4.6.orig.tar.gz
libxcursor-1.2.3.tar.gz	-	link	deb/libxcursor_1.2.3.orig.tar.gz
libxcvt-0.1.3.tar.xz	-	link	deb/libxcvt_0.1.3.orig.tar.xz
libxdamage-1.1.7.tar.xz	-	link	deb/libxdamage_1.1.7.orig.tar.xz
libxdmcp-1.1.5.tar.gz	-	link	deb/libxdmcp_1.1.5.orig.tar.gz
libxext-1.3.4.tar.gz	-	link	deb/libxext_1.3.4.orig.tar.gz
libxfixes-6.0.0.tar.gz	-	link	deb/libxfixes_6.0.0.orig.tar.gz
libxfont2-2.0.6.tar.gz	-	link	deb/libxfont_2.0.6.orig.tar.gz
libxft-2.3.6.tar.gz	-	link	deb/xft_2.3.6.orig.tar.gz
libxi-1.8.2.tar.gz	-	link	deb/libxi_1.8.2.orig.tar.gz
libxinerama-1.1.4.tar.gz	-	link	deb/libxinerama_1.1.4.orig.tar.gz
libxkbcommon-1.13.1.tar.gz	-	link	deb/libxkbcommon_1.13.1.orig.tar.gz
libxkbfile-1.1.0.tar.gz	-	link	deb/libxkbfile_1.1.0.orig.tar.gz
libxml2-2.15.2.tar.xz	-	link	deb/libxml2_2.15.2+dfsg.orig.tar.xz
libxmlb-0.3.24.tar.gz	-	link	deb/libxmlb_0.3.24.orig.tar.gz
libxrandr-1.5.4.tar.gz	-	link	deb/libxrandr_1.5.4.orig.tar.gz
libxrender-0.9.12.tar.gz	-	link	deb/libxrender_0.9.12.orig.tar.gz
libxshmfence-1.3.3.tar.gz	-	link	deb/libxshmfence_1.3.3.orig.tar.gz
libxslt-1.1.45.tar.xz	-	link	deb/libxslt_1.1.45.orig.tar.xz
libxtst-1.2.5.tar.gz	-	link	deb/libxtst_1.2.5.orig.tar.gz
libxxf86vm-1.1.4.tar.gz	-	link	deb/libxxf86vm_1.1.4.orig.tar.gz
libyaml-0.2.5.tar.gz	-	link	deb/libyaml_0.2.5.orig.tar.gz
linux-7.0.tar.gz	-	link	deb/linux_7.0.0.orig.tar.gz
linux-firmware-amd-graphics_20240318.git3b128b60-0ubuntu3.3_all.deb	-	link	firmware/linux-firmware-amd-graphics_20240318.git3b128b60-0ubuntu3.3_all.deb
linux-firmware-intel-graphics_20240318.git3b128b60-0ubuntu3.1_all.deb	-	link	firmware/linux-firmware-intel-graphics_20240318.git3b128b60-0ubuntu3.1_all.deb
linux-firmware-intel-wireless_20240318.git3b128b60-0ubuntu3.1_all.deb	-	link	firmware/linux-firmware-intel-wireless_20240318.git3b128b60-0ubuntu3.1_all.deb
linux-firmware-mediatek_20240318.git3b128b60-0ubuntu3.1_all.deb	-	link	firmware/linux-firmware-mediatek_20240318.git3b128b60-0ubuntu3.1_all.deb
linux-firmware-misc_20240318.git3b128b60-0ubuntu3.1_all.deb	-	link	firmware/linux-firmware-misc_20240318.git3b128b60-0ubuntu3.1_all.deb
linux-firmware-qualcomm-wireless_20240318.git3b128b60-0ubuntu3.1_all.deb	-	link	firmware/linux-firmware-qualcomm-wireless_20240318.git3b128b60-0ubuntu3.1_all.deb
linux-firmware-realtek_20240318.git3b128b60-0ubuntu3.1_all.deb	-	link	firmware/linux-firmware-realtek_20240318.git3b128b60-0ubuntu3.1_all.deb
llvm-21.1.8.tar.xz	-	link	deb/llvm-toolchain-21_21.1.8.orig.tar.xz
lm-sensors-3.6.2.tar.gz	-	link	deb/lm-sensors_3.6.2.orig.tar.gz
lua-5.4.8.tar.gz	-	link	deb/lua5.4_5.4.8.orig.tar.gz
lvm2-2.03.31.tar.xz	-	link	deb/lvm2_2.03.31.orig.tar.xz
mesa-26.0.8.tar.xz	-	link	deb/mesa_26.0.8.orig.tar.xz
milou-6.6.4.tar.xz	-	link	deb/milou_6.6.4.orig.tar.xz
modemmanager-1.25.95.tar.xz	-	link	deb/modemmanager_1.25.95.orig.tar.xz
mpc-1.3.1.tar.gz	-	link	deb/mpclib3_1.3.1.orig.tar.gz
mpfr-4.2.2.tar.xz	-	link	deb/mpfr4_4.2.2.orig.tar.xz
mpg123-1.33.3.tar.bz2	-	link	deb/mpg123_1.33.3.orig.tar.bz2
mtdev-1.1.7.tar.gz	-	link	deb/mtdev_1.1.7.orig.tar.gz
musl-1.2.5.tar.gz	-	link	deb/musl_1.2.5.orig.tar.gz
musl-fts-1.2.7.tar.gz	49ae567a96dbab22823d045ffebe0d6b14b9b799925e9ca9274d47d26ff482a6	git	https://github.com/void-linux/musl-fts v1.2.7
musl-obstack-1.2.3.tar.gz	9ffb3479b15df0170eba4480e51723c3961dbe0b461ec289744622db03a69395	git	https://github.com/void-linux/musl-obstack v1.2.3
nano-8.7.1.tar.xz	-	link	deb/nano_8.7.1.orig.tar.xz
ncurses-6.6.tar.gz	-	link	deb/ncurses_6.6+20251231.orig.tar.gz
networkmanager-1.54.3.tar.bz2	-	link	deb/network-manager_1.54.3.orig.tar.bz2
nghttp2-1.68.0.tar.gz	-	link	deb/nghttp2_1.68.0.orig.tar.gz
npth-1.8.tar.bz2	-	link	deb/npth_1.8.orig.tar.bz2
open-vm-tools-13.0.10.tar.xz	-	link	deb/open-vm-tools_13.0.10.orig.tar.xz
opencv-4.10.0.tar.xz	-	link	deb/opencv_4.10.0+dfsg.orig.tar.xz
opendoas-6.8.2.tar.xz	-	link	deb/opendoas_6.8.2.orig.tar.xz
openssl-3.5.5.tar.gz	-	link	deb/openssl_3.5.5.orig.tar.gz
opus-1.6.1.tar.xz	-	link	deb/opus_1.6.1.orig.tar.xz
ostree-2025.7.tar.xz	-	link	deb/ostree_2025.7.orig.tar.xz
pcre2-10.46.tar.gz	-	link	deb/pcre2_10.46.orig.tar.gz
pipewire-1.6.2.tar.gz	-	link	deb/pipewire_1.6.2.orig.tar.gz
pixman-0.46.4.tar.gz	-	link	deb/pixman_0.46.4.orig.tar.gz
plasma-activities-6.6.4.tar.xz	-	link	deb/plasma-activities_6.6.4.orig.tar.xz
plasma-activities-stats-6.6.4.tar.xz	-	link	deb/plasma-activities-stats_6.6.4.orig.tar.xz
plasma-desktop-6.6.4.tar.xz	-	link	deb/plasma-desktop_6.6.4.orig.tar.xz
plasma-discover-6.6.4.tar.xz	-	link	deb/plasma-discover_6.6.4.orig.tar.xz
plasma-integration-6.6.4.tar.xz	-	link	deb/plasma-integration_6.6.4.orig.tar.xz
plasma-nm-6.6.4.tar.xz	-	link	deb/plasma-nm_6.6.4.orig.tar.xz
plasma-pa-6.6.4.tar.xz	-	link	deb/plasma-pa_6.6.4.orig.tar.xz
plasma-systemmonitor-6.6.4.tar.xz	-	link	deb/plasma-systemmonitor_6.6.4.orig.tar.xz
plasma-wayland-protocols-1.20.0.tar.xz	-	link	deb/plasma-wayland-protocols_1.20.0.orig.tar.xz
plasma-workspace-6.6.4.tar.xz	-	link	deb/plasma-workspace_6.6.4.orig.tar.xz
plasma5support-6.6.4.tar.xz	-	link	deb/plasma5support_6.6.4.orig.tar.xz
polkit-127.tar.gz	-	link	deb/policykit-1_127.orig.tar.gz
polkit-kde-agent-1-6.6.4.tar.xz	-	link	deb/polkit-kde-agent-1_6.6.4.orig.tar.xz
polkit-qt-1-0.200.0.tar.xz	-	link	deb/polkit-qt-1_0.200.0.orig.tar.xz
popt-1.19.tar.xz	-	link	deb/popt_1.19+dfsg.orig.tar.xz
power-profiles-daemon-0.30.tar.bz2	-	link	deb/power-profiles-daemon_0.30.orig.tar.bz2
powerdevil-6.6.4.tar.xz	-	link	deb/powerdevil_6.6.4.orig.tar.xz
pulseaudio-17.0.tar.xz	-	link	deb/pulseaudio_17.0+dfsg1.orig.tar.xz
pulseaudio-qt-1.7.0.tar.xz	-	link	deb/pulseaudio-qt_1.7.0.orig.tar.xz
qca-2.3.10.tar.xz	-	link	deb/qca2_2.3.10.orig.tar.xz
qcoro-0.13.0.tar.gz	-	link	deb/qcoro_0.13.0.orig.tar.gz
qemu-10.2.1.tar.xz	-	link	deb/qemu_10.2.1+ds.orig.tar.xz
qrencode-4.1.1.tar.bz2	-	link	deb/qrencode_4.1.1.orig.tar.bz2
qt6-qt5compat-6.10.2.tar.xz	-	link	deb/qt6-5compat_6.10.2.orig.tar.xz
qt6-qtbase-6.10.2+dfsg.tar.xz	-	link	deb/qt6-base_6.10.2+dfsg.orig.tar.xz
qt6-qtdeclarative-6.10.2+dfsg.tar.xz	-	link	deb/qt6-declarative_6.10.2+dfsg.orig.tar.xz
qt6-qtimageformats-6.10.2.tar.xz	-	link	deb/qt6-imageformats_6.10.2.orig.tar.xz
qt6-qtlocation-6.10.2.tar.xz	-	link	deb/qt6-location_6.10.2.orig.tar.xz
qt6-qtmultimedia-6.10.2.tar.xz	-	link	deb/qt6-multimedia_6.10.2.orig.tar.xz
qt6-qtpositioning-6.10.2.tar.xz	-	link	deb/qt6-positioning_6.10.2.orig.tar.xz
qt6-qtshadertools-6.10.2.tar.xz	-	link	deb/qt6-shadertools_6.10.2.orig.tar.xz
qt6-qtspeech-6.10.2.tar.xz	-	link	deb/qt6-speech_6.10.2.orig.tar.xz
qt6-qtsvg-6.10.2.tar.xz	-	link	deb/qt6-svg_6.10.2.orig.tar.xz
qt6-qttools-6.10.2.tar.xz	-	link	deb/qt6-tools_6.10.2.orig.tar.xz
qt6-qttranslations-6.10.2.tar.xz	-	link	deb/qt6-translations_6.10.2.orig.tar.xz
qt6-qtwayland-6.10.2.tar.xz	-	link	deb/qt6-wayland_6.10.2.orig.tar.xz
qt6-qtwebview-6.10.2.tar.xz	-	link	deb/qt6-webview_6.10.2.orig.tar.xz
readline-8.3.tar.gz	-	link	deb/readline_8.3.orig.tar.gz
runit-2.3.0.tar.gz	-	link	deb/runit_2.3.0.orig.tar.gz
sbc-2.1.tar.gz	-	link	deb/sbc_2.1.orig.tar.gz
sddm-0.21.0+git20250502.4fe234b.tar.gz	-	link	deb/sddm_0.21.0+git20250502.4fe234b.orig.tar.gz
sddm-kcm-6.6.4.tar.xz	-	link	deb/sddm-kcm_6.6.4.orig.tar.xz
shared-mime-info-2.4.tar.bz2	-	link	deb/shared-mime-info_2.4.orig.tar.bz2
sound-theme-freedesktop-0.8.tar.bz2	-	link	deb/sound-theme-freedesktop_0.8.orig.tar.bz2
spirv-headers-1.4.341.0.tar.gz	-	link	deb/spirv-headers_1.6.1+1.4.341.0.orig.tar.gz
spirv-tools-2026.1.tar.gz	-	link	deb/spirv-tools_2026.1.orig.tar.gz
sqlite-3.46.1.tar.xz	-	link	deb/sqlite3_3.46.1.orig.tar.xz
squashfs-tools-4.7.5.tar.gz	-	link	deb/squashfs-tools_4.7.5.orig.tar.gz
systemsettings-6.6.4.tar.xz	-	link	deb/systemsettings_6.6.4.orig.tar.xz
udisks2-2.10.91.tar.bz2	-	link	deb/udisks2_2.10.91.orig.tar.bz2
upower-1.91.1.tar.bz2	-	link	deb/upower_1.91.1.orig.tar.bz2
userspace-rcu-0.15.6.tar.bz2	-	link	deb/liburcu_0.15.6.orig.tar.bz2
util-linux-2.41.3.tar.xz	-	link	deb/util-linux_2.41.3.orig.tar.xz
vulkan-headers-1.4.341.tar.gz	2b11ae193ceb2c86b7a082534a8574c70bf95bcab18f302a288f2c4b7cbb3c8f	git	https://github.com/KhronosGroup/Vulkan-Headers v1.4.341
vulkan-loader-1.4.341.0.tar.xz	-	link	deb/vulkan-loader_1.4.341.0.orig.tar.xz
wayland-1.24.0.tar.gz	-	link	deb/wayland_1.24.0.orig.tar.gz
wayland-protocols-1.47.tar.xz	-	link	deb/wayland-protocols_1.47.orig.tar.xz
wireless-regdb-2026.05.30.tar.gz	-	link	deb/wireless-regdb_2026.05.30.orig.tar.gz
wireplumber-0.5.13.tar.gz	-	link	deb/wireplumber_0.5.13.orig.tar.gz
wpa-2.11.tar.xz	-	link	deb/wpa_2.11.orig.tar.xz
x11-xkb-utils-7.7+9.tar.xz	-	link	deb/x11-xkb-utils_7.7+9build1.tar.xz
x264-0.165.3222.tar.gz	-	link	deb/x264_0.165.3222+gitb35605ac.orig.tar.gz
xcb-proto-1.17.0.tar.gz	-	link	deb/xcb-proto_1.17.0.orig.tar.gz
xcb-util-0.4.1.tar.gz	-	link	deb/xcb-util_0.4.1.orig.tar.gz
xcb-util-cursor-0.1.6.tar.gz	-	link	deb/xcb-util-cursor_0.1.6.orig.tar.gz
xcb-util-image-0.4.0.tar.bz2	-	link	deb/xcb-util-image_0.4.0.orig.tar.bz2
xcb-util-keysyms-0.4.1.tar.xz	-	link	deb/xcb-util-keysyms_0.4.1.orig.tar.xz
xcb-util-renderutil-0.3.10.tar.xz	-	link	deb/xcb-util-renderutil_0.3.10.orig.tar.xz
xcb-util-wm-0.4.2.tar.xz	-	link	deb/xcb-util-wm_0.4.2.orig.tar.xz
xdg-dbus-proxy-0.1.7.tar.xz	-	link	deb/xdg-dbus-proxy_0.1.7.orig.tar.xz
xdg-desktop-portal-1.21.1.tar.xz	-	link	deb/xdg-desktop-portal_1.21.1+ds.orig.tar.xz
xdg-desktop-portal-kde-6.6.4.tar.xz	-	link	deb/xdg-desktop-portal-kde_6.6.4.orig.tar.xz
xfsprogs-6.18.0.tar.xz	-	link	deb/xfsprogs_6.18.0.orig.tar.xz
xkeyboard-config-2.46.tar.xz	-	link	deb/xkeyboard-config_2.46.orig.tar.xz
xorgproto-2025.1.tar.gz	-	link	deb/xorgproto_2025.1.orig.tar.gz
xtrans-1.6.0.tar.gz	-	link	deb/xtrans_1.6.0.orig.tar.gz
xwayland-24.1.10.tar.xz	-	link	deb/xwayland_24.1.10.orig.tar.xz
xz-5.8.3.tar.xz	-	link	deb/xz-utils_5.8.3.orig.tar.xz
yaml-cpp-0.8.0.tar.xz	-	link	deb/yaml-cpp_0.8.0+dfsg.orig.tar.xz
zlib-1.3.1.tar.gz	-	link	deb/zlib_1.3.dfsg+really1.3.1.orig.tar.gz
zstd-1.5.7.tar.xz	-	link	deb/libzstd_1.5.7+dfsg.orig.tar.xz
deb/zxing-cpp_2.3.0.orig.tar.xz	2fac5e5dd48337d24f41cd23bfaacf619280c245fa40c6c31d31d213ac0e4380	apt	zxing-cpp=2.3.0-5
zxing-cpp-2.3.0.tar.xz	-	link	deb/zxing-cpp_2.3.0.orig.tar.xz
